idGrasa,Grado NLGI Consistencia,Viscosidad del Aceite Base a 40 °C,Punto de Gota °C,"Punto de Soldadura Cuatro Bolas, kgf",Temperatura de Servicio °C min,Temperatura de Servicio °C max,Penetracion de Cono a 25 °C 0.1mm min,Penetracion de Cono a 25 °C 0.1mm max,Estabilidad Mecánica % min,Estabilidad Mecánica % max,Resistencia al Lavado por Agua a 80 °C % min,Resistencia al Lavado por Agua a 80 °C % max
0,1.8326473617243058,533.0450890787215,227.03941577598334,387.0918810253911,-18.474221871896788,105.56861188195889,302.0509816271524,305.32441144243603,2.080433425600716,3.3472115769295216,1.8134554423049631,2.291514430026056
1,1.4897533575082709,57.735693133389816,213.31645132451052,288.7570689357306,-4.137307219668571,148.25988299706628,275.05718826373436,275.265185092783,8.978262120977103,15.283139856430068,4.1898569926813,4.844884273314477
2,2.475880995230699,254.37925676226806,293.49571726128164,459.49995520175617,-0.9128193073599178,137.83168865478873,267.5010882507714,272.2929542409848,6.66775841425553,3.6947003943413237,3.3342424903903707,2.3509525623075276
3,1.8112355868054077,80.25095835989544,278.8180903872783,258.0060647989128,-13.33021380299817,120.5794681696149,269.513608552274,291.18570255473617,5.120483796369369,13.06186109622011,3.746225115488319,5.542858786279464
4,1.4906857773222515,92.74376064209957,210.0100811943324,258.03537059000746,-4.2919085854292405,123.49636524093263,298.2879328778455,315.74482448184676,1.6511404317600853,10.465588655845156,1.8978508488718144,4.343074683067263
5,1.8385569234354764,199.54486801387708,317.24534639513274,675.9960679398815,-0.38585339978116195,172.80053537270754,276.92273324251585,288.18791912849457,3.5473016273553384,7.725670650320346,2.849177317858981,4.074050033253851
6,1.9199623946266893,2075.1387716476547,316.19154692353715,874.2517246968856,-12.05046294953787,157.92676201310036,252.81337278487462,263.1597855031157,10.734306280740949,3.6238987270458907,4.805723760388452,1.9762987206419598
7,2.463713418029803,141.85189896073967,263.52488063573367,309.35035775560885,-4.328537538843804,140.56983101521087,274.7807504273514,284.11252561530534,0.909167333502447,5.744520331380139,0.49533112358289366,1.8152596593380417
8,1.293630584324137,520.4444314509967,234.10208004198097,382.22995942223235,-5.188878488549964,158.8694738750411,296.2826636553133,303.0283501049259,7.489332306740108,4.966786915352228,2.055024278429195,1.415295966883745
9,1.4421047102333988,388.4634394745183,302.8557807563047,873.3975968939253,-2.6341767689244477,124.9684828819406,276.17894062978917,291.2377222874038,8.117988972031595,10.181477197888782,3.6316313057863066,3.833047612510507
10,0.2683394068584586,62.199904129308266,264.37441860329295,460.211673615259,-10.513409479087699,159.68950488728,341.71640032588584,367.9601532805818,1.2523833988598105,11.672042611817123,0.20098642525804467,3.050866399920598
11,2.850380699867218,932.1240866585913,268.20722257649646,553.2052459852514,-10.095620533357579,145.54937999211674,235.82967590293126,236.4040222902457,6.050585440551575,3.9083190415762887,2.2490641578815165,1.727023097782972
12,1.1251867844795753,907.5081764513359,317.3049513506463,686.2331093215508,-3.04985953700319,179.71303152476662,304.6736345865567,305.22583392752404,6.655903096541357,5.293066190275774,3.6366349568059837,2.995108412509003
13,0.32502016106921205,1234.3864443715322,209.2820130494711,850.7090691356676,-14.082105290841707,110.91128682616339,329.8729892289554,332.3732264962701,10.1828386493017,5.940752127514345,3.996526972368538,3.0628128977689713
14,2.3155849895966676,199.3825346550395,275.7846963913659,367.3017849987179,-2.219282796332873,163.52268339659508,287.37236509881336,292.18875901251045,4.547761250568829,8.092156537076411,2.8663096507114942,4.271510084537014
15,1.1187494307082875,290.6618848938821,260.24235276785396,390.0937017906689,-9.607784821317491,108.49684643022866,286.7691069441091,295.883767635272,6.539872432486869,9.132594994108576,3.34816192463125,4.060850311575414
16,1.6865405738727728,119.7319336026764,195.57424578504853,284.4317753644618,-11.607500194280078,135.49977764782707,281.9776790308942,295.91740796124355,4.361481051506033,9.155092979318141,1.8256974916159336,3.141007477243858
18,2.3364613519263395,373.05919134976125,317.8404701015875,277.3119140148502,-25.450722778197985,192.77644451961834,250.36148185007454,272.7520896517297,1.6683416973032994,4.2771778967273,3.1136482848532525,3.621025719600296
19,2.4881963025020912,1538.318505770874,304.67419567750085,394.92141645644034,-4.462793851359539,153.8953209234092,265.0372988334153,274.73214684290633,2.9728738613386687,2.5657190674681707,2.624288103989706,2.563829407608294
20,2.4887728700286065,165.02686803081684,223.8095598796713,399.28795620761656,-8.312690317800051,155.01366615882893,267.7398673965613,257.85174852855755,3.9842744349884045,3.8494146273190917,0.8382725271867502,1.3364629327326012
21,0.1286762337956402,1412.8441665960918,312.2005801807152,712.2948564677733,-19.018212322697465,137.88888083340146,403.3732567379193,371.8706349253567,9.762231138010282,3.0585082782155837,5.310745964994638,3.658065655030433
22,0.9331655708801456,107.52445386359756,192.11707951997542,260.5566286236359,-6.0408356925833395,189.53609128409,296.80346405581287,297.35608594693963,0.2553818741073415,8.503023907790645,0.129251222302865,3.258501274940416
23,0.5491257583580378,231.50644988923742,231.5646331798863,524.6851557432599,-9.832416012873004,157.64188231244657,283.1081824537768,287.0582300099291,1.8175060985129923,7.082127305447969,2.1160922174990864,3.788330657895126
24,1.2320844067070262,219.02758713986373,232.44506578260092,473.1260419462789,-5.975577017352087,154.3565005623359,293.5149884293304,299.35924198337517,4.481238683325998,8.680497257975249,2.213425615639384,3.286235927968222
25,2.3057985289759837,222.1331273332833,246.267805306194,336.64595012595447,-11.162286359269284,151.54675098516663,256.27993529586524,271.40638930326156,0.6855989621689114,5.366462459216176,0.7408174305590847,2.6171961554409275
26,0.6142539744934332,598.6150242183045,272.25649099088156,560.7802231240912,-20.738061361953193,158.65953770036123,337.18345786487805,348.35449564249643,2.504607628645135,1.4228216948723094,0.9561590630710644,1.5635040557199975
27,2.3869523261499923,60.00289060353674,262.27107203250046,286.92031501857,-15.899071380984449,145.63146765060955,239.87602277740302,276.6943728968641,0.3068423252354129,7.881026999012606,0.12773717744742852,2.6242641231384427
28,2.1979892959089296,276.86114764599074,261.9876975652411,306.0817054001757,-1.7195081170527438,171.88743213660663,277.0331872684091,275.0079201776689,2.0709152623986906,6.9264911114437835,0.9288476126471714,1.9958393813388389
29,2.413360610581552,212.620237819952,286.0703579127591,397.6894833080266,-21.87480840405348,140.25415944838036,245.97609730837212,269.74477086805643,1.7963959783445365,4.654898818052732,1.4089921651315862,2.0624686588145087
31,0.03732288921907445,1269.8064863000336,260.5574832904787,535.9991262196124,-21.223116682450254,161.00167654103876,390.66739603129906,435.14238526932684,0.5113772241269352,2.3640834183575854,0.3553838822547415,1.6126225414859578
32,2.8838600692038527,244.3013169341037,304.97231118155565,375.93711941108927,-23.011690178574042,132.8301256146159,258.9343622895091,285.28144487358475,2.6429873356594777,2.790264865513102,1.4416770916357458,1.3833302447432276
34,0.8182060106975775,473.8689084177257,222.0343640371744,723.8975660790577,0.4509758465277791,178.9084162737002,307.4052642765553,304.0070568170522,3.845659779063931,5.829855295511072,0.7489024641851127,1.2811911217020022
35,0.07453056449638407,856.6375670168279,297.0512410405031,942.2470199407333,-22.395562967322746,106.01255565699586,380.6628629397285,367.8625219006261,9.127054107848256,1.4886439921181531,3.0697715939754993,1.124640991948069
37,2.602346075135638,498.8184402080613,302.9570820410819,300.17582978143673,1.3667695626803322,197.6072780420157,275.52888305355947,274.5124095678672,2.217511297222969,1.743916156700375,1.1645599766417045,1.1133698124915152
38,1.4648309862055637,67.70987490205778,315.93897450237375,313.49708519794126,-12.049256392207273,179.3664936838408,284.96307130240757,303.9206189522032,2.3152227454199097,8.599002362054419,3.035732672981696,4.80393077049004
39,1.5167491756731222,380.83535583331906,230.37911826161672,429.3120360400705,7.381485735259634,195.24559690108453,277.2983818595449,295.6042866736827,2.327940535416717,10.177283616629484,1.7875798673788512,3.517295477286874
40,2.251507841709176,136.34108820966833,231.71182064551567,288.0811502559076,-9.263176980353798,160.24364343532352,266.1029490510963,262.7717282844071,9.472493490840385,6.932999253173105,4.167156131189852,3.893178686916306
41,1.8884583405180106,84.22754131948051,178.26359448173204,277.5333179919908,-16.462014362336088,150.4247376770961,303.806885816913,296.82981559542276,2.9530724612748047,6.821133538505021,0.08238751826466206,1.5748230010734363
42,1.9045849392728946,233.44826017278373,288.1815749511297,276.04800884748283,-3.0028119478955517,178.19707905184003,268.5504001127774,274.30449154701574,3.5616400153613155,5.81208884496973,2.6621502701578756,3.4412556967535726
43,1.3056077194102946,120.13283989050075,211.51743452360722,288.87904058472145,-5.246757867167915,96.90628285816229,300.0660044970637,295.5126906538846,6.294379205362359,7.996264677017681,1.7417274081698095,2.4004393836770546
44,0.8351791677426852,96.72102232297152,260.8968455978324,251.30790432854346,-5.630404890845835,183.57701962197126,310.58814896903374,329.53571280677374,2.8550788353491736,6.68558709615614,2.0031304170343187,2.991232169322294
45,1.3095613825016041,186.7788092545386,96.63260500190884,258.4920285142939,-10.916246166640526,92.4078982162364,300.69109590482196,297.8492832415581,6.221751447603289,5.959351274145402,1.978502234583524,2.157602431873789
46,0.7480111984064632,612.9288903159215,225.7892054619276,459.54175042996735,-13.563653758819303,158.36725267888593,342.61453290530613,357.64185677160305,5.965431022653997,4.6862300204142135,2.4761709287690725,2.1911169650325717
47,0.8849709460565327,405.0275503733991,227.07092655401559,400.8410910493317,3.2132990283053964,133.59826354509897,327.92747454897847,312.6405339228888,10.534280934406198,7.2451520764055415,5.442920209480066,3.82637123363729
48,2.3044114961105087,792.590516198044,301.50683825611713,746.1822314804257,-10.353538200534995,119.66684379979799,293.0401279027275,286.90578646650613,7.1288802985043365,1.0853179512465019,4.3285302889585315,2.817424060163157
49,0.4774422455413494,246.1616983629067,252.13877969449368,331.19182185390116,-13.451301778403035,141.21983660351518,309.0441168770622,321.25069299455913,2.6254037908592194,8.261584686909906,2.509006823658951,4.0905950397009585
50,1.5704857499426104,148.43348977563716,251.04968500972726,435.31269547229954,-26.49105242777349,101.25681032950126,300.8673497755636,342.62121770367395,3.0559030279030437,11.434754487830869,0.6771683282211043,2.387281940185685
52,0.5665331141231431,116.87659849809796,277.18128635647537,600.5413689417536,-10.238588909607618,109.45127394813258,353.5977334910073,356.160924437718,9.208009897456598,8.651450161522787,3.9093774427824366,3.5593228796240073
53,0.4136510183621991,626.4604801537578,284.6621729830712,725.3857087023011,-3.6286629271397963,161.14737544873645,319.005584161272,300.9776219275635,8.944409406408077,11.120541458232037,3.1056191999449854,3.4238653447756797
55,2.612386799541632,247.5070140034024,285.00253953848727,265.18857110364866,0.5248916983842733,150.05135284771214,283.6706666169789,300.76793355287407,2.9489282414635225,7.41712864457323,1.8583036288554073,2.315718488050746
56,1.9022163402260395,335.34477122690464,268.3800974045953,683.8267230883254,5.412510375247699,143.71130238627194,277.82009878953727,274.5477827003119,5.226863196956024,8.69799302523739,3.044371854467597,3.869112730112964
57,2.7065467320646373,441.048833857966,329.58824123912325,584.2307289925321,-2.682257460027948,178.88854504171556,263.80921474772623,279.61078440956135,2.214652177794487,3.685977861834167,1.5835241601003536,1.8032985772044308
58,1.2850127935308784,109.6546663468826,233.17024481305134,268.67972197871734,-11.742129616194195,138.22579660632198,302.60842283105427,315.4614807632553,3.124627501951319,11.974424798159983,0.3711989373458975,2.7519527452757697
60,1.951891362340121,87.11989014520373,256.1808827045096,268.14628836143606,-12.770614272801879,108.5877889122818,272.0794681363267,287.4577795960402,5.844044955396607,10.09089298058941,4.154676449035719,4.899199704759892
61,1.3061302656256406,112.08840298798151,233.12563045323182,259.52092426219156,-12.616961543069145,98.82323793910662,297.1571921699712,323.5081199772278,0.3004373568377301,9.597133109124346,1.107792625961443,4.124665011630075
62,1.1059064930532339,203.72483343627806,238.80855785391455,252.5155421590889,-11.571732743267162,170.03240975455097,311.3787994092603,312.0587527504351,7.130332330900361,6.992795272741089,2.0696916640457554,2.789380203891405
63,1.19273371502597,1041.6917796356215,228.64390873813406,672.2795881575606,-9.263449355893965,126.04289706139919,286.49198489398094,286.3761598358411,5.068529996049771,4.0654526085175435,3.343671626777187,3.469358551656347
64,1.25389693807104,1501.2755563164824,320.4456027818561,840.1579546429587,-8.398999905283393,195.28411893391373,281.37738689822277,290.7363960683774,1.933300715919101,2.483037432487255,0.2027307772725977,0.48659698808991525
65,1.3682337467724175,85.68556788528485,251.9141534104749,343.51083496312475,-13.822222016136099,112.73740106805367,280.102179077402,300.523164503943,0.9367288474881255,8.6598031847124,1.7310095543982076,3.9998121478346693
66,1.9211480611679201,96.9459859776947,242.34750168963774,432.5251090982941,-13.337943748176873,109.04769870217797,273.1197678724898,282.27175694838644,5.661034282731909,9.319471313837628,3.4872556427357995,4.261139607623656
67,1.7361059895836646,115.41683456688367,288.9457159107325,352.6924240497915,-15.16326627690555,190.024738475977,277.8807403636222,288.46655656225073,1.603030237818099,4.324985617163012,2.3258519314879003,2.978287130195775
68,1.8505449790049897,1656.2207184952615,250.24017294368934,847.8177100430541,-11.336247246068574,124.98954321774035,289.44100362329226,302.4130269874144,3.0098121277303718,4.524850633212413,1.6705139592309184,1.6437758595204888
69,1.7847069287851982,228.9471854084759,259.9637029937814,370.03983034543444,1.731827444106031,176.98420714766235,270.0408208411166,268.12040768927426,7.3453123602310235,5.387882569283699,3.756918564941677,3.2673470964718425
70,2.1796314757074327,635.1069176650132,312.46418494214674,728.331249660575,-3.485932205924307,128.04953751567035,292.4997547942801,290.35515978157963,5.603738822210079,3.044214642332868,3.352457767836541,2.6297616605449474
72,2.0130003975151456,217.38601706253178,302.68271289388224,539.8591893508326,-10.289606665695459,139.9599397353228,259.8428627025167,288.1398388373536,1.6099007846675022,9.291841959070979,0.4882529284477708,2.616423626514753
73,2.709118770586215,161.73512814856525,323.5219091883763,604.9526132986751,-28.15453910002404,156.09672354261275,274.4085880926647,289.9175593172951,1.4898847393351362,1.8240154271666738,2.479034578237338,2.8078565493529
74,0.9481210898665084,959.6627825050327,293.8864780255988,862.7404702465839,-17.647978707090886,137.948599536591,313.7723289616564,339.71314931445204,1.2347288848504165,2.293166673336098,1.3741313632634082,1.673572635184322
75,2.38159975134295,106.10883899065811,258.7012064580488,483.0811011471426,-20.19270940163148,123.32053253462638,303.81263075952234,302.61639703328694,5.779355599263495,5.246298486120632,2.252469248960857,2.4035682587859593
76,0.9524529098724503,747.3508223973813,308.96961090566924,878.6500017038709,-12.937194960461635,160.2381499592242,301.69183324548385,296.46414214830304,5.606683946845887,0.1675051000897323,2.2519502414843364,1.0456166439352015
77,0.7189367577436077,59.193431024749884,292.7465056328661,271.8089161190168,-19.70437402285807,96.95681776490565,310.5596523421426,352.5106600355018,3.7903647267775216,8.164496733065514,3.9310829503391,5.057256778512603
78,1.9199745424429024,483.8155204275392,261.6951166961351,722.1674253536418,2.763382333843012,180.34543518077922,273.4591703557685,256.04073405427215,2.5165773452488667,3.7327560808332834,0.8174449699100794,1.243210109718061
79,2.1398884770017097,382.4298934154061,254.50280987427664,735.5328226810723,-1.2154355371794345,129.76131079344762,292.5711420367643,293.65131258822385,5.559863127188159,5.775752218508893,1.7414682483507116,1.8483565163396154
80,0.9740184481031977,592.591111899471,299.4163074814486,898.2920342476823,-8.359270917688288,117.15029769335695,319.4060596711455,319.57904181857543,5.534214230593824,1.8509911023242598,1.697668520454551,0.8449247074318216
81,0.696577414440529,88.29250027217574,251.87741537850383,252.73839692440413,-4.83875829998075,190.8988562591781,345.6717638030234,322.7209911762959,8.555446272633297,4.652880851888323,3.9108553652688522,3.4468636650157976
82,1.3014013523667267,107.46939589368469,206.99783111564753,260.8712940207737,-21.162074836181493,133.34703606179278,280.37847765909464,292.0935186538381,1.1112698821801161,7.909273474820113,0.13439475067392692,2.1982229381861345
83,0.2468129954948295,680.2174198207252,286.4689966889528,889.4665405729038,-28.499803622277806,126.89362016630031,336.88429097366316,374.1264436472733,7.499087773848373,5.164300339858144,3.5394636396574155,3.098202740863531
84,0.42488499832507776,278.41445703574607,271.4158947605039,294.50399967309363,-31.038081809431617,138.02476304260784,325.24174023990935,375.14188100976065,0.3256229473051002,3.9516649196631053,1.8367808404519974,3.783498645197909
85,1.5528436288165202,123.39360777321576,282.1335643131781,579.9198318474266,-33.82555796843525,96.3289373782703,282.3955729467692,295.327754043857,2.3294854190176624,5.310913466845001,2.6888644852547703,3.3120830841396014
87,1.022140944076542,302.5966556702085,325.65083302078517,816.6982298228554,-6.861294288663089,200.8765543252658,314.8317970461014,315.9635574605343,1.3284038279985912,4.703844321893027,0.977885496386576,1.9955295180828605
89,2.0538653779093954,825.0953760898697,286.6116131483318,295.8906796328133,-11.46624429840152,155.87931037592668,260.753345579513,285.55345124989753,3.32595754143404,2.546344427632172,2.127405276092137,1.9703098994316712
90,2.5587123255755735,353.9425184269654,270.3958014929296,507.09138033581473,-18.582059269616735,103.07640098756305,253.86379861715753,272.570844183994,2.5237991273124347,5.105031878796725,2.220978028876807,2.8455886477711205
92,0.4844351203711841,89.33646083738995,208.8945605163043,500.37476495205493,-5.614228557387637,141.35677522332432,343.3203757934091,368.5962781104489,3.332413736965371,11.285673261001023,1.4979212889621916,3.5024246857490784
93,0.03006906045883273,368.04226191422765,229.5291935390991,846.7651811572389,-35.65058898994435,100.04095138404341,355.21040009733974,403.6062365589748,5.405311422226566,6.359577674536952,3.0838408409931453,3.3626083296693214
94,1.4286974505343613,165.1525480506579,309.02230315969666,723.9595459565352,-17.115354436607397,150.09377094227574,287.34410866287527,298.0965987583178,1.618761888970182,2.6256458326269763,1.8568282557279583,2.594516877246513
95,1.2570989830008625,595.8927433986054,295.3085631522571,815.890543044468,-10.064711206754993,179.55291047710173,284.63662651322466,270.1924035605559,6.865084466432565,2.105855456032783,1.8210862045171594,0.48293428393602644
98,2.7130370231798207,617.0020613003088,314.73999800781087,510.098561999641,1.2609901742768415,198.99023214953098,224.83406848013647,246.73016934576827,2.1404034418989073,10.241681476216309,1.6487024103061942,3.1640066079166216
99,1.071342316098336,67.72755895076028,250.26454021201857,292.18827575038904,-3.391481584264504,162.903900623393,322.4227618989668,332.1126588025496,6.002322010468118,9.152406188515855,2.0419309027787165,3.2061994441560815
100,2.1322708372489623,261.91763136864427,271.4587600231964,316.4893043960775,-16.282328109519728,139.61780933465852,296.50816104583413,299.2592066329153,4.78273566570348,7.422882228730375,1.7596113382209675,2.2978196700011133
101,2.8087008257158335,512.326374995303,303.6176393277982,630.7861639596707,-3.74590482817176,124.41578250741456,271.97199744093336,281.03639909196454,5.712415097353012,1.5671902113971825,1.6954085649225945,0.7901692194580463
102,2.1059807128650148,262.72180421567555,298.25981036987343,769.7777582509934,-14.540214510158247,165.33935653247352,289.8001902096185,298.84611780011744,3.002030494456739,10.237038555488494,0.9781714743086156,2.8650790325222184
103,0.33136855180946156,226.02124296286536,205.75720069706736,329.61475629304755,-28.80822308294171,87.16446800394603,323.0142166357654,344.6918336038855,6.988049925547918,6.144434225258007,2.2085576663993964,2.0662185083995963
104,1.7374631783063572,129.02298940941813,100.87760122352972,289.1449298927697,-8.72107800018794,118.83588902616582,284.0442523315375,280.5195347250704,3.5791427673167004,9.552320885705406,1.6481602938695166,3.2249975404738453
105,0.8807970091922739,437.5165670798012,264.3586134327097,276.7109516746025,-13.930293658675925,183.9509929054321,316.57305061091,336.2482229267705,4.500357408170843,4.254181451684323,2.109191630483952,2.2342932612002486
106,2.2708518059424443,101.80029800748082,316.18601878677623,409.60849500437604,-20.2671501482234,177.82370448878564,254.91969992592917,287.3473040262973,0.08993543679341176,4.775525002859001,0.2608776325496023,2.7642927277751315
107,2.9366130456596027,123.48047935419885,246.92553278285357,251.4528000686363,-0.22640833815396277,133.63912420020432,254.1534859777356,255.07981766234968,6.845330786747601,4.873003844143991,4.771481504867114,4.4064612313455145
108,0.554920963420519,249.60495474417064,225.28225628283542,552.9318080833509,-12.284741234401348,124.70693472728308,311.1215749677638,314.18941312195955,5.574979483214424,7.351686153685353,1.8107433916927138,2.342797599698142
109,0.5198048981651513,699.3809610336934,299.17237539719997,678.6545586045852,-28.87408433649597,127.97895466078748,311.5228559727002,328.08114044194906,5.153938184390763,5.49131337994701,2.3878664584121023,2.421092606653715
110,1.9288667710134997,499.15595087597785,289.34256691078076,290.85568846090985,-15.764762480044254,158.8863999625258,287.3125613460257,300.47795661335743,7.150925723145625,1.2288137638293444,2.523739115006883,1.4160480623311507
111,1.5526455097660643,906.5298924184128,292.8740149400427,693.216609657386,-3.8619669191700012,177.76467492726124,296.70505538439204,293.5995355301161,6.092947951819686,0.4340436248007,1.5130712841774003,0.5794571249416978
112,1.6684807779142794,155.61174094471767,203.25610092352116,320.24442139232826,-12.695266162127936,109.02626148830876,283.67757863623086,276.5651417581065,10.921483840894766,13.522409772595601,5.473247131265113,4.280724940771873
113,2.1157084827791435,546.4876128998353,294.05486466371497,770.2248917300021,-6.187050138774257,163.766890179945,256.3951724954643,257.3318432527079,6.903388713874091,5.985063166814258,3.2717646508568916,2.7174058734901427
114,2.7584690637480467,417.51489909405535,191.45381778808476,253.34343446645394,-12.204975062576029,116.39287065488699,256.8488269271801,264.89132237907006,4.309288768171764,4.463165368135944,2.2785162036166238,2.7748486179379834
115,0.5250049394761604,138.31833062964978,245.0940433758387,323.2206231454467,-13.264737128137707,146.6208541339189,337.8878420014821,392.22325384605483,0.10109687838784165,4.108428181765173,0.438421913780479,2.702075044657653
116,0.23555364756199504,1235.2638265460337,187.21469005162925,345.20488011152815,-14.1906771183314,118.59581112160981,349.867270800613,386.847019801411,9.514478310788522,4.90320415207711,3.6693249499123457,2.58627581492399
117,2.1321059497957586,477.01772660802624,215.2140821754924,461.9373128662633,-18.298457814389177,97.81785058845023,302.172746540028,297.7355269266617,7.963452843787514,6.630176097674601,4.4887980127418174,4.444396341074624
119,2.448080204855322,198.06607969153495,282.2350440176574,346.053617667925,-19.735270206160997,147.60872314253618,282.52569692618204,296.14651515004556,2.4425541991641087,4.185238728144822,1.8858705716276913,2.598638123486061
120,0.49278822131628797,525.9208603084078,294.36122444033606,683.3983857369892,-7.940570490565175,192.46527162636806,336.71927821916546,331.8473825438306,5.831955924609914,0.6696871946806713,2.411550756493788,1.8632730998819822
123,1.7355801003054736,981.0448084632026,294.98072789305286,560.6025896427316,-9.829904233149875,175.8028705769856,289.255888931283,282.48659376550654,3.3849889503195447,4.509125145366688,3.417192664507107,3.3494262254653844
125,1.6333738002820297,347.39720441226103,246.7973803984151,361.877239680964,-10.351309077981412,134.84643173013396,318.5606150707424,308.17398108180356,6.14705778573008,6.170922879165918,3.798438459097774,3.959393583803574
126,2.6701115925373413,40.45141807225161,291.88469516705794,303.159021620626,-10.809820343650589,150.90039330196961,273.3219878204864,286.1432823617018,0.7135054603263593,9.282216417061024,2.3168553431117966,4.836917583123881
128,0.5043037806192965,639.118948721569,282.69118432330606,534.5028241225037,3.477563064577538,189.92553573289987,318.8506055547432,318.82624293317394,4.059034656956786,13.62371533929713,3.2727023496487435,5.121181100324046
129,0.6001232668685583,799.6675306742189,260.1512313306995,656.4275820358578,-6.785883527906904,158.44825570340907,318.5574523652682,313.33860168579884,8.160947738607767,0.19918053664440993,2.781445394492419,1.0420469293874397
130,2.397753869422954,337.001964759381,309.08562344796866,354.9495411370543,-11.54748855272624,115.86161679207842,253.20069886489176,276.53146515332634,8.164801323291348,8.065509957721194,5.180639877124627,4.594315261005562
131,1.6964504960735156,81.39558818809746,181.22579804657877,302.20774716599817,-5.771462465397974,132.90632627338184,303.2021219160544,299.6655376250493,4.874589323585209,11.971871764224002,1.042056198912022,2.6916601480020104
132,0.7386283638204145,651.0823509942766,254.3922487218094,568.0177847106137,-12.604283858619851,178.89749745178105,312.59177810349775,292.4364241833538,8.327563899572672,6.119681146438388,1.4307850549507164,0.9131356503744943
133,0.33060466213091644,1484.4016005444705,311.7767967500399,916.337685508257,-5.6173611883271235,170.31825607897633,320.6022078423338,322.1247175034715,7.871878710628446,2.8656821762212643,1.3410994319225995,0.4488788379515358
134,1.1761738923227782,116.96566138557563,306.6400742811137,411.0925946675249,-1.5041472493411945,166.2905970175958,326.532988433709,328.4368213833569,2.659192904476968,4.172421131849237,3.105465526862624,4.084339615168365
135,1.6727061839512238,44.89105313720154,290.25493421,327.989387831348,-15.626028216919359,154.65481514853994,307.1111538726688,340.05375422276154,0.2870679758602468,9.332568748186365,1.4195504682378728,4.293209019924572
136,2.1449275356722923,1728.637462577303,267.10730844570503,701.3181613322172,-1.2967190506791226,181.50547584625022,274.5109056242785,273.88983017089345,3.734498574547033,4.137708027214057,1.7093885269802387,1.7003234781349468
137,2.597486164737969,382.5539868313125,319.85039910367925,901.4163130048108,-9.899180181315934,137.9041551846146,242.85529062145727,268.78667835400387,0.9421204031393837,6.240011728379928,1.0499664428583606,2.3520915842956485
138,1.6528622343645443,417.33935431557074,324.894300339149,885.402999527319,-23.74268910199083,153.317946688409,288.5604493274924,280.7771419783714,9.209226983604557,1.6224771325468859,3.176798405570281,1.4119343738185532
139,0.9042002501935178,1000.3043761164994,229.82432226667996,549.9999966038497,-11.301506582784313,167.1042725974746,320.1053136627062,315.0727034299249,5.515767162221268,2.771375536959161,3.309206792178337,2.6231462892288517
140,1.5363949227146436,356.6685218954766,252.0901895699077,681.1194200482223,-3.6267750577772695,124.57671341594167,293.4585876332039,294.1470245094762,8.375768704346628,7.428101965203701,2.814052586260711,2.3790904570320484
141,1.8260866631070478,131.22911284560485,154.16064867385836,270.716203999831,-20.91840698515144,85.75854262582607,294.5084333661873,303.0810230350176,5.425696143398877,6.27015505284197,2.638457712564805,3.2599880464888553
142,2.0706955342894267,641.5775985145513,240.0194583909165,271.14770121735717,-24.390919057652596,102.2874547751306,292.40170025129174,304.2290224248299,2.915497252870252,3.694719934042368,1.6706272405051645,1.947326324802754
143,1.3781751874153099,502.09878459640873,280.4541554752478,373.06157144785806,-11.985913998130382,160.70132510056746,318.25690239554785,328.1419675392127,1.901970939573387,3.9043456608267224,1.5674213451164147,2.479867789789858
144,0.4900324490241794,2151.249390028776,303.22860915276294,741.5343519177907,-9.880551155910169,174.7355812570422,294.8632800544895,302.96786385425156,6.98792875887641,1.2708580948213344,2.0999961252462995,0.9521164867401244
145,2.401341520928014,449.31859405462524,230.4242815800593,449.48895598344586,-9.558043843822315,120.31925508828198,291.5754153914861,278.6707697670679,3.7030855455154357,4.79304036926487,1.6686977463549852,2.3468687925897362
146,2.783241936679107,54.7589410327098,196.26967085511208,329.8715966575194,-11.21411319975616,110.01423632746713,260.56135619373373,273.477035564153,0.2439220566325253,8.254876628714275,1.529438832817632,4.085623877263951
148,1.9548880351099585,150.84603704805278,276.84060608403837,348.2832324176083,3.1735750649336403,163.97147513709518,279.7342002801793,274.73052423126046,6.855774477738141,5.39219944773375,2.0326162391179365,1.670568271707451
149,1.1523975519190799,1564.4232026162797,309.4636888632649,882.2228520818742,-5.928841250364716,149.46188057271368,280.78220479642073,286.7600148050911,9.901439666989635,4.4724833787808596,3.926027732496857,2.1257314153167015
150,0.23821072253083964,881.1250784063336,210.64314019816524,262.5330553476216,-2.3016866991107676,150.13422670460562,398.995693395075,405.56619061451124,10.318296092166555,5.618729065599926,4.18783415771244,2.974664910454569
151,0.1501610947869758,1201.458325565331,207.35674839300322,474.8962867499465,-4.057047835808181,155.91362940369171,365.09579109216145,344.58128618755046,10.491593774546555,4.129172017159592,2.9986296551658107,1.1514270355093617
152,2.1055330013545768,690.5187679903495,269.50697081882856,744.1759799411889,-14.103851446756988,122.4687233291175,280.6761227733365,276.5628675072741,7.026856674091263,3.332316128902003,3.4041866597482446,2.648666844309718
153,2.3788216095710606,207.8156465613842,291.41654548393365,269.20017066805633,-5.045670985359543,185.91157597749185,249.6666037464205,263.8572937363866,3.3640954787291797,1.7533734180816083,2.134831343405368,1.6902435946958931
154,1.1097771824567637,860.4190198149125,203.90510460639032,845.9803318194395,-15.067412953858792,97.2844376301951,296.5165785807336,292.81183495247205,8.347403318805302,4.759926439364329,2.8770159487284963,2.061145010440644
157,1.9007366587440275,698.0968294513865,275.69963577004734,514.5137376428734,-6.991691884142188,139.85517712485492,280.9726048160064,284.0090068598533,6.2491977315922425,4.844781717941729,2.8947321606071093,2.405855579998643
160,2.963562179154075,138.44260334384984,346.9488876431497,621.2022692672864,-14.432796307942208,213.68551218155517,223.49936520674964,234.5598851689179,4.914514945568374,2.179572038634417,2.4254981043946517,1.990676574369306
162,1.0955544143747016,81.84592352319618,303.63085089404865,343.67630238431565,-16.621147629278212,137.2854371741031,318.9635207923901,338.20551779794965,4.1609877987785255,5.199692503755755,1.9892322262670008,2.811898643766558
164,0.650410893867762,565.9304923851989,310.3443293058082,678.5503132838123,-0.6437066116833101,245.66306443488276,327.30897918221245,313.53231857132937,2.1252667992648306,3.6330661571846186,1.246928700471414,1.983408453542988
165,2.8292658914756776,101.7570422482101,288.88946253832216,305.38107472200625,-11.788511536640112,131.50911442245894,229.7773788202568,269.65459320154594,1.2090345505246543,8.793308158490037,2.416709111458817,4.4520047930800395
166,0.6089197901744567,787.6907133069335,258.5199999909054,466.2021687193506,-24.45903305695449,124.99878405423547,324.719206487803,323.97532209474394,7.160135058211331,2.1455096230721002,2.312008049209134,1.3039543940475016
168,1.5575200459132188,148.17280610705387,246.64928550097102,250.11196532582218,-6.086092372087837,161.59154052724892,271.2411108152738,315.862427987528,0.5676173700066469,14.551946105452624,1.1151004629246195,4.4444661808797346
169,1.2753168471823053,129.81032976286093,271.0761451031085,392.96644082717825,-3.497470586895073,151.64474844853024,322.33030303978836,329.69098171251505,0.41792835124374017,4.800596287405158,1.8407980595674451,3.416501714886092
170,2.4771327943503523,256.7195330643773,268.6300999428297,472.5107629126622,-1.605052936871889,144.179846127382,259.7822890237153,274.656476870021,4.113026358385865,8.300035866447857,1.8937139442699995,2.4882035387224217
171,2.2007392072170546,276.3373229251698,283.45030827845324,575.9358576792125,1.7388522567770437,169.85216585485088,264.47468308679447,268.6004060855027,5.323040678672994,8.052014288277785,3.091072057376545,3.5625992518921983
172,1.9667995381529648,353.7854365035339,314.3918910219894,691.5552768021615,-8.520955396346572,134.74126847271626,282.88854995670613,288.1002479564132,5.951134668199423,8.778738342990302,5.261590272525927,5.783221578026266
173,0.3017723114692612,809.8920000020908,302.3583934347755,747.1616132412942,-12.3674102060777,169.71951023012608,307.04434298330943,305.200001269529,8.7536475847283,5.238958675989394,1.7596465763785374,0.86938512075625
175,2.25907778305541,139.16150639075113,237.24066086061373,529.8937917799188,-6.729658349411345,93.99077134818293,290.6837265871705,292.48474891958233,7.991749905598682,10.397950756213694,2.5786415358612493,2.986350566201067
176,1.6001173206192107,41.72363757771279,231.26287279516825,274.332520394473,-12.368558624855694,179.02754920254802,305.60964888574995,297.5845875959901,4.756212282515346,5.834677771740377,1.6440814524819434,2.3573360647653745
177,2.143463118811262,661.2124510157645,299.2081137419867,843.6360936801916,-15.521675412895899,133.11500990270747,277.65525244230804,279.6323965561429,5.949177549736857,4.581834512265788,3.3268161096966447,2.8053352086888856
178,1.4216898383073993,1489.118257938208,320.1891349401235,811.4640637539801,-1.457875987547066,197.920625296359,317.09431560332524,296.05935680707415,7.912864825482464,3.2815414829889544,3.42299466954353,2.126453478218279
179,2.372914083085544,51.44713219149435,243.59088025154958,272.6621825212631,-19.920278571121486,104.28029594589289,254.11428992981376,285.0192113526348,4.683868166735426,9.647615831767412,2.0844771564142475,3.2802218570913197
180,2.6193986113518837,215.7843841225096,313.7209632621206,360.161258607126,-25.286073913241633,171.64245295617377,237.39718519464736,269.3687959287013,1.706399561107654,2.5376570631647093,1.171353527745214,1.5100733389300531
181,2.5572739260439867,1091.6571893437763,220.64511408878022,549.7269499308194,-7.287242442171458,97.31207359819706,250.55561971485233,257.7833752675787,5.9219593165873725,4.0065082730257595,2.494031015182305,2.1906292886977097
183,1.2957344989250021,620.4549689275073,305.8200832082731,495.5703277717987,-25.973485168174406,149.27361774098543,280.5074897308665,306.59590715195384,3.960288587149535,5.907249347423694,3.249163176128432,3.5502093319197585
184,2.3287943781975797,308.37656183637716,310.69101743331396,467.5905686785224,-13.014093204044972,146.91536510733013,258.12518537148907,283.4992359636352,6.11608568971253,4.816374752258713,3.6563601075579073,3.061462800195545
185,2.075478421704604,459.0125339559435,246.8047352546346,319.77531714681174,-4.878843781146127,144.16600209762865,283.9915594042676,297.52328308192523,1.056085642428139,9.481529894019017,0.3671261986361434,2.6429824217114875
187,0.31221066888572935,580.6615613480128,286.21626483806654,571.5211510949059,-3.1462871429070027,135.77271766855745,379.4399436571656,400.76825956614607,8.419981483016599,7.608045462945514,3.6714837723637084,3.614284731867093
188,1.3506648058250437,773.9978892549681,272.28919443018685,689.7048969664547,-14.013593568117368,135.0880952827976,294.26145236106294,285.20916132513577,9.617072249650533,9.450402732888698,5.503662096110688,5.341923834079767
189,1.4546389481937492,152.88319348656722,264.9313222227147,374.0732453744149,-4.5998316862328,175.82472625583483,273.58690895819626,281.70083501377286,4.446393798203609,5.761191381908768,1.104923601826928,1.6010256275158699
191,1.3338376499666769,209.81144528712673,261.7154692849096,622.0324021888349,-13.948977507360336,132.98429502406356,266.29734106724396,277.61877174977406,4.0451604552804605,10.06316227797402,2.6934192639198353,4.051675890630048
193,1.0328696094081335,207.72935479318966,276.91967415742397,473.31333743318754,-5.3102210786746085,147.08800930458264,335.59588318490205,335.937507133548,3.83151888441973,7.986184482657023,3.334897153147095,4.43858993149382
194,1.003024112707838,1051.4283426971974,231.6616124017715,607.7934045270548,-3.3003588818341534,144.1884404635403,319.50059387934544,303.81436609626076,7.4833375291084785,2.336818488701798,2.811650528161966,1.581996658240873
195,0.545087160730283,476.5141362823364,202.42353719426424,641.1054089975829,-1.2531842929888626,149.97403032006704,317.6620489448849,315.84507396525606,7.557380393213757,6.282188778519708,1.0724525830377083,0.9543875021648935
196,0.9019927784504715,47.55468071495483,235.4703886615014,255.20300896829372,-14.028193017212516,115.90402010679503,318.0628521688241,329.01432697115644,3.4542361041487935,8.13077975108044,0.7480564762444049,2.5274680693274147
197,1.6035912222300348,1196.7424827007412,302.3243635146247,854.6224139854695,5.277341662136159,207.05607059349208,286.455619976618,287.3853665002633,6.832137705759398,4.667334797899106,1.4760123529649003,1.0161543097376102
198,2.162084425227093,114.59189410090926,222.32355953581362,253.72855229249544,-5.632153701338076,138.7459606693058,265.90033681568536,271.7128625926016,4.08536797329926,7.275191221742904,2.7505967367475677,3.4446135291788766
199,0.40215577420892723,1676.4699969559028,274.78869008875574,550.0462817512546,-1.143777790834637,163.9945843197065,305.9559288509615,296.9946246285738,10.86937894670156,5.131033056356471,4.319511816980427,2.0288071374244856
200,2.0394070929087675,105.74827235470445,332.2404751302639,789.4963277797743,-8.290552649587504,167.88828989791145,264.70776431015264,283.90710781332564,2.8124176376298617,5.5782561942798194,2.044380237339001,3.0339805507228026
201,2.5581423153517586,89.18337560640833,255.43771416783554,320.47573406989767,-14.618204518075881,174.04468167872602,252.9290404583259,269.7454741662865,0.36975595724482124,7.29343517366968,0.30368208516374473,2.706420068289833
202,2.4806058026406337,426.3622821655077,314.6553723890016,434.17418157814996,-11.00817519210219,196.41805079114067,236.82648976339345,260.43221981869266,0.5670225029425584,2.9231771270197515,0.7163074325553631,1.66983228247447
203,1.286732204035844,324.80224572847186,341.2318115033447,817.9880253563302,-5.5297216699837115,194.60476001895978,305.2475729254001,315.8093889418571,3.6660942174487827,5.902879502409685,2.2008839889530214,2.5995577041469935
204,2.553891260385682,220.9270334854704,288.80002534351013,273.3943658965512,0.406086808575683,169.00631831468326,267.8627283006071,279.3267676634969,3.0565972483922246,5.915180959328033,3.1956013317479384,3.9716651020114804
205,0.8324937731304458,295.8869182548682,308.816245933707,752.4154008960394,-7.414157923706934,190.2890951497963,307.03844768233586,320.65291386842716,3.0572261943728485,4.253738004384131,1.199551405128431,2.0527688179865846
206,2.8587815280801236,49.658358361776095,262.53863140650327,329.3659606770889,-7.7665380196772915,128.85701776290898,260.4004735073101,290.55662386015155,2.0621848695194265,10.718657565306597,0.9648989965800421,2.682628092261753
207,2.323169644988707,885.0695417694203,296.7100942122602,337.1448452843075,-10.775448720267065,187.93964784000613,281.36438327783236,274.8389445660441,6.1481540264819365,1.0498723454593275,2.482258700000475,1.6051980474718248
208,1.6251167242446,184.93735887805158,287.24773971143304,419.45182582770417,-13.436093377340459,144.45297011585734,266.89302501763706,306.329052958486,1.5733754028044475,6.775059440687826,0.6286396673911407,2.055825052348763
209,2.537583453145472,50.659978930686066,281.1361962182566,258.319310907862,-9.146590491333253,146.75690815347235,225.66229039151312,255.9362416558988,0.4671183174688145,6.399572609904864,1.1351524390852719,3.1168968855816335
211,0.8914707077835362,80.73949083557267,297.29136799488833,385.3001901237493,-13.203683622263167,135.57408056044943,299.5499834462237,314.1872415308168,4.688280947649562,9.7678575970478,2.6746351662134034,3.81181122818323
212,0.026794193333420147,395.5486667080389,283.8250502391119,935.8674979241298,-23.106663800782723,142.943173279793,382.52981957708505,390.65127205483583,10.67109799226772,9.955357757010418,4.181399900445183,3.6680044503637337
214,0.396557522506531,758.2350876489252,205.6795545018731,459.2921455643117,-7.329408297840594,181.78165790126008,321.8612240113074,322.22290998646304,2.8097828714457385,6.470464807818362,2.6926438301685165,4.061406847114286
215,1.6197377937040205,297.1591953436441,304.3446628469163,474.57931955060684,-25.659423845705707,133.1213696135406,288.94127959858025,306.0587470927695,5.956198097034547,3.063193545218154,2.490994913553552,1.7151613885078505
216,0.88926571702424,725.4946793466672,269.9698356922057,285.5218049077238,1.0643852537485365,197.8592357119841,317.2236071962337,322.57571195791405,1.4253389976273225,7.199445554468914,0.9227853054071362,2.2230780800998744
217,1.312803069163166,375.0260544230703,313.2396804756615,536.6952266893599,-0.5804122515614552,210.65127907081023,274.70484606064633,291.15660733961647,2.0035733275310914,9.881594603088214,2.1153578786202734,3.9135389409103274
218,2.547385444079887,167.66003989797287,294.11584965970087,643.0656116270031,-13.196332449803965,124.04753970787121,256.83934616121144,281.9606049180027,1.1055071338461224,2.9954535110459153,1.1150125060932061,2.007421271469055
219,2.4651434423607625,304.1392421203732,258.8156917754102,400.4916861624322,-9.142757312523333,140.21236151660952,282.34002018353164,286.087227844609,0.813199949528626,5.125658560569765,1.6673586674693626,3.3025418569888543
220,0.23119557447630612,567.2968758674574,210.41146642313757,347.89146837925557,-12.197600187427646,147.05847099560123,353.9876758426052,344.9183063911653,10.537505428851329,7.305332068238552,3.8651422527759824,3.196184732721733
221,1.3549475073344728,1171.107059498166,277.7101495073331,776.1053424806762,-5.270608012224898,112.77193777899893,297.52620011204226,299.7231116236191,8.24869737293718,3.9246778884088376,2.5500987052659814,1.1604412120445504
222,0.7544806095780627,48.69212287278765,259.72742393583644,280.26864212212945,-8.83173524858357,158.8262558572572,323.49296572636115,330.70852816107464,1.2103747810899126,9.594285995444617,1.5745558175803884,3.714944528157128
223,1.5825422338476325,52.39172209282714,253.07216682734997,264.62397504142064,-13.892153271529661,143.99218626630588,300.33670751717665,311.8680389823675,2.145696995055848,8.429386947759692,2.7972797188828884,4.275014716891514
224,0.7772468899992324,548.8629311044282,282.47693417987114,727.5432913058239,-5.733585376950607,143.37327311851664,310.7821755214443,306.16300461633847,7.541612500998458,2.50133956777872,3.84558622429775,3.0374820936230598
226,0.45180869509737187,45.80954080935595,255.36729335128786,347.33222807461107,-5.393970911862844,184.6069476891895,324.60104147610593,323.246607587561,1.9307268443068737,10.437165422092502,1.954291899906234,4.7463621260027065
227,0.3035473933257986,416.83142184808406,169.82315404252037,458.04237545999666,-20.242113015278438,84.70711006216395,357.25578818630254,422.54230804095687,4.080414562957172,1.4620448114454794,2.4995458401149455,2.0766375015704868
229,1.2480470983601002,185.03926601148606,211.61229244920472,338.8506980663114,-22.379546055966664,114.06784016921085,301.7228441175671,302.3811372927553,1.918805153844315,3.331452030012172,0.05566628497155923,1.082926386109663
230,0.8013739019576014,116.56025889076102,256.0949102265889,331.9984848959864,-10.348211707002672,143.5522676475118,322.26097804394175,344.130388222714,1.6038436548093253,8.125885904482798,1.3355588777484622,3.066807135944099
231,1.9055671229159055,59.95824860344436,241.73976191181237,266.5554533846806,-5.68507361793305,145.81272619858632,281.7995843241115,279.63211648868827,3.317924521409564,8.718222876628115,2.927197452508631,4.278419566818375
232,1.5226715179954238,382.94399171497923,281.5163655050561,337.93411773991613,0.8623217620588441,179.20883068628098,273.0917929504392,279.3810123242542,4.0859036436114895,7.9898660879718095,2.6470769889443924,3.272310817158616
233,0.8150985084738451,75.74813558373893,241.23102721940967,477.6260172041694,-11.629178843678734,103.92865494078117,281.9937772414885,300.447452439242,2.6725171398198535,17.821589191329366,2.1250216667430055,4.658376244029737
234,0.700368188287241,304.14639331232945,278.0869696611527,407.86913388469316,-18.27478761940858,155.12332503581231,321.6644734383022,341.4617113233022,1.1748929262074523,5.575579194850758,3.6670204241140527,4.7489591037734185
235,1.059845378667028,805.7573598304439,293.6533130073442,851.7798831355199,0.5819026023505636,186.57958571831716,301.6814794504617,289.05128790413363,2.0707387703215767,5.6430999961192425,1.5033140692686613,2.3333796395263846
236,0.09466952005149798,527.6778686244564,281.6082637010952,787.947595350834,-21.12683552671289,127.33589061352163,322.1969280313419,383.03375383675643,1.538342884405271,7.939685685919166,3.4065793864217637,4.776766240359919
237,1.7282578596436742,121.54373864694895,258.3877595574309,257.5878123093412,-2.652009285132113,150.58368087464189,296.31636296894357,308.4921227079395,5.8071737570555815,8.363524773843478,3.1714807165129426,3.617686110158492
238,2.2553184952263727,84.53300218689668,264.5141868018287,371.62954396608615,-5.697700400167456,153.20530203585375,284.94419248857463,285.01612176379604,1.5756216576021784,4.8516473724588876,0.10577334502554248,1.2022003282610714
239,1.0376505496053148,1566.4549066521938,245.83038665676227,546.7817558754617,-4.07550943316469,137.67960903634454,298.5161079832664,292.41635271438,10.249384206668728,2.6437017098855526,2.622599443734778,0.4897903539616375
242,2.7060661472258998,513.2870468054574,319.17659605324445,668.4749356805867,4.604779485986832,196.2464654721781,255.44721321911098,269.72637801179644,3.663258935803925,5.734522232430104,0.9543655412663807,1.5812401965611478
243,2.1858786463997495,567.1739920068139,266.49345753555366,723.0238099594218,-10.549739038485448,127.14802068130419,280.9994929945612,283.6528353619924,5.3438502595111155,3.6892631039570367,1.3130802817802856,1.0010538165826326
244,0.21963391382747277,1025.356717299547,245.41730589907885,731.3565037378602,-6.076836696400356,127.01644100026766,408.7304598446613,410.2555843109394,4.578568790281549,3.126415099871691,1.5400851128061674,1.4301960029271104
245,0.13266426113419572,304.17704704384875,234.3766942979608,268.89842924225866,-24.36418475882162,160.09341891146494,299.5369369658432,322.25693871190214,4.687634739222644,6.207475514201465,2.0257082455768423,2.612777870204455
246,1.293821474484579,1985.495041298084,309.422201594483,836.5559922138896,-25.266024604502917,124.08808002870558,281.5187924953987,286.21543819227423,6.998701424239666,1.1353819459323171,3.33623513887612,1.6334345186481447
247,0.9683284302094726,240.01283498984546,215.9624597290685,318.0355985782036,-5.493253729914773,139.536597343841,352.9522128646487,388.5529442606087,9.455188913511297,8.174547028456786,1.772718068456208,1.430659262991543
248,0.4483561211964018,254.7855693272469,249.19782490706663,368.5829143042793,-15.394573797129123,104.12442573380538,325.3266625088695,374.6972995311653,2.473054262801563,9.109373167688162,1.821819218358887,3.48552807109234
251,2.9001199671388376,59.98756356855597,207.61023346473036,250.12664570481462,-4.842578082445375,146.88787990926795,223.1736644366451,232.85958095334567,5.462260718211027,3.430996346232005,2.86543156858758,2.9571588077843383
253,1.4914683605604244,224.45278151526978,309.56209370046827,602.0214140132401,-6.397360969628103,161.11913606373494,265.9735652829032,279.1009394063569,5.2650711904030185,4.8039758110459285,3.106181116670112,2.8663147684120873
254,0.9213511708783546,2161.5066630392776,290.00613510306715,619.5830466633656,-5.435650794467488,174.3878949638193,302.43576758637784,290.373716501463,8.100686146841781,3.121120086127372,3.956066932353063,2.5882587357945246
255,1.391200661763387,628.3905414684482,202.73272490849538,384.5066097390587,-1.2873836372936154,148.0063489499498,306.9436964055471,296.6384147861409,4.273479000859378,6.701672217474715,2.0732344572407038,3.121575193973741
256,1.800330656319877,1181.8991873815303,306.07784584005304,929.364466058531,-22.050326157233453,128.77757726052195,289.8671107005973,275.65569467218256,6.689939849507868,0.5544834510377097,2.763225693129509,1.297956214376832
257,2.494821238577087,247.23467790418516,244.72772410340568,481.4111131804889,-4.324656793172821,120.12395789738434,289.04204114981087,280.8781231569859,8.931743353087091,3.873365887358653,1.3549894710396873,0.6123238745858528
258,1.0331761577778704,1199.996214788283,247.81878106980258,714.7490376157442,-8.784518665680565,110.1876396266338,330.52981009835025,324.13725536886835,5.209847296925737,4.195439920756221,2.4257117932386736,2.3790547837666463
259,1.4636669224783638,87.00701450715866,228.00707440024811,251.3342921777957,-8.043655049825666,134.5458238566735,281.3638338531033,296.28294725524273,6.182488567729854,9.083681779714112,4.242806698088853,5.331846269586348
260,2.1483671263999735,53.14455421083278,285.61689867394136,358.6294341882136,-3.5612089192346197,153.26731128336948,289.6554027557619,295.0646517151354,2.882684907328803,6.763170916672943,1.021660294128204,2.1915245449883765
262,0.9763505794413123,1322.4829392581728,299.11260336270186,298.2399380817743,-6.485075347364422,157.82175071430885,305.27396253430334,306.0515886839629,6.3664429753010765,5.069076190711186,3.222052212261495,2.458674163589547
264,2.0659119487425293,313.7848351872551,262.94807293402835,384.89384746471444,-4.238344768411277,122.4244950930395,265.6029159683902,283.5130337302229,8.815751705680901,9.099062629554911,2.363114205569866,2.1868661414750536
265,1.3362570189074134,429.3534850270168,270.24737493257896,863.0019114972754,-4.325988348542094,141.80112756554286,336.9609964838401,320.3643247626096,10.014139354542547,6.536107521281688,3.277353593982367,2.4756527190715687
266,0.07248358982694736,275.34578695877997,265.92552884151706,282.98162751998694,-13.702126475959453,166.9597100350647,396.22181935359384,444.1079197513813,10.20154051116323,6.389214475246521,5.969162943182534,5.403562346193331
267,2.7373597644047183,226.72629753101066,272.46737579602836,563.2623226237159,-15.748316146679109,160.0688050674584,227.20819450563187,255.46904091728084,2.0359709132427635,7.2024055326829295,2.488067226259644,4.071015335761857
269,0.273424252291953,171.94827058341605,264.1368683619489,723.3608018735588,3.3504080570130945,169.38798644029254,330.9942514943784,327.19731373331336,7.854237344401813,9.425291349086297,2.187689686906827,2.768485843898354
272,0.7163222529393911,1574.5737523307562,307.9293371468233,927.9813207300638,-10.324715642604154,175.35256298393477,319.228874911597,302.09185799471055,9.245198305006696,2.2953106074463574,2.843390183432388,1.4393688853612592
273,1.3955603873280473,266.0457599215102,260.87724586680883,403.3121118098378,-12.823039349314875,116.38278807562284,345.269642610705,358.56724446262064,9.458150256445137,5.4993564240071455,2.2252455939825393,1.3247110267097313
274,0.6548435664034287,56.88731596224278,302.0708651531164,365.5498970794281,-6.139620069148197,234.87535274265383,299.83781333928647,298.5596032401744,0.5137170954087598,6.420221259576892,0.0443703253558283,2.6283850275324854
275,0.9194718169658267,81.79295571227533,268.07026991318344,511.57007754066143,-10.554645611356452,165.9340752616121,311.298691574545,308.7978861537301,1.1357018106859122,8.376957895087937,2.1423801967636984,4.546973266942867
276,0.3237503776341666,201.95622428896274,206.37430078079197,289.58308906412265,-16.754703292207243,90.7339007951525,375.1465139527839,380.7201902634055,5.856660956229533,4.760387021730175,4.400312237125096,4.733059628406993
277,0.31988076381965236,814.3693128128568,205.24729716821003,771.0388716692835,-8.053754182051236,160.10330888941803,324.13823453609706,323.16581570801264,6.575179041417059,6.324708631420079,2.419917982617592,2.037519766414163
278,2.971807677234268,123.91420696813947,305.4641626408582,346.495790450972,-16.329333129426526,134.49294710528466,245.46692075822057,268.0424022465497,1.6115598610105342,3.0358814305078825,0.6827755296865312,1.6201548972125943
279,0.48128820624711643,222.93246793821984,287.04573745621997,463.47672834272066,-11.036585750205212,145.40640498074504,300.85222931783545,307.1270798789871,6.074432257915287,6.086179386323322,3.135443354931648,3.0033275603252965
280,2.668423460323753,60.990254562753876,280.5375019801458,378.9168465358762,5.979555773997447,167.6095277073291,243.12502214061274,255.3074204681086,4.720801147393705,17.98943629145291,3.082173027774791,4.892266178084484
281,0.26480650254787097,1888.7675586682917,274.950057666724,895.183951201569,-9.006160969964192,187.72476146761497,346.8621827729831,316.4263014481961,10.73315235457396,0.8185949802884913,4.992294265759176,2.431750180323572
282,0.6916399365258661,129.01847459811864,283.08823187912594,452.37156461435836,-20.602591901534026,138.00125247076198,305.5594424380311,331.833389299165,8.233452969303492,8.45381984050079,3.743725345571688,3.383671393187206
285,2.6534227980844283,265.99505928939834,225.99394956417214,529.2161794334181,0.8996041290105161,135.84118748509613,282.4499456747359,285.11562711939024,3.1755161571408523,5.230429836929484,0.7377960491566671,1.5859817504389218
286,0.9585392323554163,81.33424185336031,250.1760802254231,275.8073048769327,-27.374109554435826,139.95397561406878,317.92730674046487,338.94610579677044,1.4898480146970838,0.741932718492631,0.03882212219176706,0.996684695325847
287,0.6012731262703572,128.4295225783397,235.54600179707535,261.25432505560633,-10.38873664242196,155.11117124232337,314.07706974940356,301.57508377453445,6.197759473381842,9.236058272419918,2.3466347668256047,3.826699353053054
288,0.23478640875938916,152.61443966135067,304.46682151392866,720.384853432416,-11.4701116858107,146.44113902814786,336.42925993740425,374.45942968661507,1.9136274831180615,8.442497607286757,2.5024979690053852,4.348293453780182
289,1.3059428779788802,148.64110781752152,273.9932846194963,310.1349601302703,-10.569805469947298,173.1570824772056,257.6869019556205,273.78242061596586,4.749500743053654,4.224971042149455,2.1059851536114644,2.3525181809607476
290,2.0973918147864845,61.83228658163068,192.38664235372744,250.04299248595945,-2.209296142520003,118.31794332510022,261.5839770532654,279.08599100857197,1.5904811913642183,11.567510916911015,2.8016210842801335,5.276621104779205
291,1.470064199235417,113.24673974311804,246.41303614380297,471.98272625454115,-30.52076232433265,108.40265432634757,286.5932787394335,296.02753629030985,2.8729041838058573,4.465922950113415,1.9363012406846067,2.631098953590244
292,1.4786805750404968,75.71128725916037,235.29261934053648,270.4266735070426,-12.506984260335212,161.60923549934526,255.56531783048982,273.1894539515513,0.7112648689735686,6.754897212815566,1.979829226272443,4.154035401104146
295,0.7706958067821845,962.0088934739708,324.8680025269838,720.7344672655252,-9.21844929546955,178.59586775317962,336.51754421228344,351.408516447837,1.1060224802439143,0.8562293029750423,1.4222288553988336,1.5103849902786468
296,0.76732349844852,2481.3359472478023,333.7470236012666,935.6501447561236,-10.886063645969859,175.01761041284982,296.8886170361354,278.49533462438956,10.401948136407,0.5330020340683461,3.7670071131592877,1.3944963107793527
297,1.2594226216651752,246.53511389601735,263.3206372264315,694.8443735651938,-17.478251151265418,105.6603745844343,326.8906826258861,323.59044096800454,4.667097127564999,4.622748077547177,2.103874438073027,2.4427471005712933
298,1.5224984398789336,323.3414599778888,321.01510625009746,545.332160116014,-8.895892351753094,184.46133695882486,247.2733779721329,270.44938208818155,0.4484399732386031,9.99946246659086,2.615977499060335,5.063043652721227
299,0.8585400449113236,282.8248088173334,279.4344473332209,281.02467007653047,-36.02227816760242,131.6748023879469,337.69664137595163,414.27869569297565,0.7088044233259918,2.234132316120634,2.6214476552781187,3.6714323290915063
301,2.175979125803598,809.374228888897,252.58082796112282,350.94499048201646,-6.756408045189417,130.01810651679796,297.6446106030282,291.28410448927133,2.4900556899194415,2.5844082247694584,1.0208322693461263,1.34049826063345
302,0.5782748829962441,440.6615407381004,149.58896653286905,295.5769559356829,-15.636169391182229,97.53010004534914,331.1765593868607,338.75666435597867,9.97793727201583,8.104305460869384,4.140173464862686,3.623993375146114
303,1.8959282641194446,350.5052413940224,289.3871116480791,414.37423804067436,-7.0924999721428605,145.08458209995968,274.78107512766195,283.76761027888466,6.068519585623442,3.97257129573973,1.748958559599017,1.3141707563303824
304,0.6149361145302277,181.01085069320035,256.6008801582184,305.7715211971663,-18.651838228130924,125.00166736082191,302.9156810671386,315.54934108560286,3.638144525216793,3.5964940096052573,2.304600722317666,3.0405475641327318
305,2.217398905954514,144.85718317963483,279.794310165352,266.57982472501993,-17.593296466731623,156.6176178993174,274.0737952423959,294.746141157703,0.9644543641491792,3.878247870197905,2.2230996091923343,3.5314334141912953
306,2.4431875195259183,998.3786665183267,307.26931938162755,482.4417637972586,-4.189484621536543,171.17057418666064,250.52677108909518,267.9232929710304,2.0492110187278287,2.5354644856633337,1.3509833260886581,1.6805104777936735
307,1.0831694912168683,60.51304769093679,225.62396175549247,309.63414877594585,-26.844632660057712,147.0598301917108,328.8870557466804,376.9450397404042,0.08623639187472776,3.973279705569098,0.21496171308201095,2.6762376051992423
309,1.390189690329335,443.4368965566941,250.2554488659214,441.28640787018674,-9.014879765217199,208.19398698022778,311.00724722478253,289.5600240617856,7.310307502156281,2.973310286341349,5.122419930467959,4.370130554177226
310,0.17518947045313782,1930.5920346398545,316.0435243517209,845.8519142781565,4.070095631942738,164.70862116285647,328.87898720787996,328.0138198684379,9.806676273479717,3.4734605945915593,4.224474133159318,2.166696270982981
312,2.6537190320004775,173.78512475510263,324.96491224365303,412.34607840538126,-10.758324386765956,176.2512946275283,236.9894093511617,240.61954358927758,6.3669504159290495,3.989672577262291,4.9372620543672046,4.046077847658584
314,0.717719340014991,106.70990831349837,256.4953153407955,253.0378685030071,-8.181507333699418,140.21418824363764,332.8437648795649,330.8557468996479,5.279808043140733,5.798466392628725,1.136035190697463,1.6827124042412964
315,1.7431694565950298,369.16909930385754,287.7923864364257,355.28459462469135,-6.972938964496667,191.91823299327575,283.62015014219156,290.2744733635294,5.219644103725496,7.309123751200506,3.5274457444484826,3.826217318683003
316,0.8226653646165829,254.45768603748735,284.3156166338483,320.24298213701644,-9.147745505251148,148.35328626797286,295.0228612384468,298.539976365987,5.7926400775810505,7.457111955156517,1.73622895977386,2.2434077728462536
317,1.8516469419101893,284.0369932938673,329.9383085015516,516.4507645027477,1.009302572461035,209.23344484819177,292.56325254719064,290.7132381598712,2.218290792519066,6.190528220271258,1.3037085557067711,2.0039243475971706
318,2.0560074553158034,365.9536390635329,285.98485854101966,370.6234357473496,-0.5096510552687405,179.59118701188135,294.5163599203855,291.1812650266685,4.4143509939344465,7.142532369457927,2.081487660342069,2.8494177459338252
319,0.3845486729031098,313.56421123080213,285.45894006798574,484.9520925737141,-21.72013497428468,174.60069586655106,342.65758741586814,329.0878697130366,7.452066801829488,2.448355764112447,3.506021355714963,2.6546033464361285
320,1.0790094827998438,132.40548169749837,301.62458973877773,333.56979803540094,-8.769158416279907,187.93758234733212,279.1040897525214,296.6109812835395,0.10312392785036639,7.67661406898527,0.6691075115556402,3.766701640497719
321,0.5217548675364219,139.1515440635958,201.65646007219007,308.20785452484586,-6.821028574837378,113.2953067590085,323.1961183810602,330.265897998828,8.46607320825069,10.448841576562485,2.843748671604815,3.243841138568122
322,2.2868356680540285,80.64064992697854,283.2771726364623,369.7729471534665,-15.58120639581384,102.23476292491408,262.6425330449017,282.2749539417081,3.4106893028119307,7.193516311816841,0.867817946156042,2.1271612591711424
323,0.8955894759462817,373.7337120756596,300.0475330040807,641.1477685293378,-13.937618258198032,150.22716667502038,318.7574012921603,300.95173677869457,10.499469857953125,7.3153833713928,3.9626889972657144,2.9432476297215757
325,0.9452834054635768,240.63340090459488,287.7818190003479,321.54019592963135,-16.901256835966212,201.50696009547983,286.66600647256985,293.45212839817344,0.08014758496345742,4.254095912086171,0.1529991731458371,2.669258223307172
326,0.9202122707008762,251.3027229132429,230.35180715133748,598.8841796655686,-10.318046752665051,132.0940416017419,307.25012195218613,297.8683184006979,7.066355146174721,8.96200941175659,4.636992674483673,4.8454109254332485
327,2.3310151318874963,181.72475050635663,210.63954856990605,379.16461656892454,-4.4154484242215375,136.16578243648058,295.6257972151864,294.1196006059875,1.6052431957039124,3.872891357871808,0.8848932634979367,1.9359191532433173
328,0.3868252597556796,134.65700599309838,242.8664860280853,361.9230555259019,-17.520055183206384,148.5421487530526,315.24759145204206,348.5024903707465,6.3792853132339244,15.957439068125334,2.664074047576494,4.308949424528803
329,1.4245215819823303,51.44724483210058,305.80008407514975,300.8514818551424,-17.7842008286855,176.6650937987416,278.0577668788085,307.67865813609336,0.5448535443002225,9.609905426951634,1.5637373033823918,4.245515223037517
331,1.3787958144974786,351.36228104867496,254.61590548525777,808.0842544790225,-16.53626019615837,156.29211522033685,292.48233391131555,316.4633558360381,2.379017981357424,6.938689813331795,1.7224962034405933,2.419493402973835
332,1.5701347933327237,42.56233088163583,295.2552274221192,250.10517267744405,-24.497758792507103,156.78821176488856,303.617722139607,322.3797583218268,1.6657973210738994,11.261216098720228,1.9342295340321631,4.580680531283701
334,1.6774204552504937,682.7892852902228,281.7939666499585,458.82671339184833,1.478508801869971,195.62849888952664,294.20670930512114,289.56608505075855,4.855313456783872,5.38685233749447,1.372205399337778,1.465731006615779
335,0.5606958038622287,108.90312704162659,176.35328530821855,400.90148342565624,-19.986748201751183,95.93212363896913,332.7530837480798,332.3864566579283,10.771321680731557,10.167381331953397,5.7835759895568035,4.850543503351805
338,0.1994213424022666,327.60912874957444,285.80827887725434,520.3076755351377,-19.48926092252563,138.37534117756624,360.0727443425072,435.0366882266644,4.54041956894454,4.160805358474658,1.6033198212677386,1.7883971896432511
339,1.9075913431738738,568.4308846100137,287.2204166228495,430.9867961155606,4.096836219193278,183.9093715700107,268.87113403980516,265.6150108878663,3.6152415354845795,1.8480843751600982,0.34814464514604415,0.062111973855435654
340,0.23438726363050089,97.77938264724207,258.6202798558422,295.187997793847,-13.311494969767228,193.56197693700312,342.8958250315518,363.21036889081296,0.2532237870101919,5.543039104078413,0.9563184245858358,3.808121617879422
341,0.9973069484577008,309.920227077728,297.26259114683864,286.03192270982083,-8.87279978845326,181.79074910981598,299.18309578385856,326.94465593887617,1.2584547467136753,3.5643613721042877,0.7269606068032926,1.7397900293744
342,1.5278759689594648,506.87965463570015,246.98110648126888,698.6566378869143,-14.43556531155151,128.3717471899317,259.1893341641095,274.17127865052055,3.912763071405937,3.602155553367023,2.4246216363795834,2.2131449040066404
343,1.6110392049379398,74.93826828502847,225.37521325907855,253.27399150811834,-0.7325294063874921,155.00689859568197,277.3062450644618,283.2165261714645,2.443186707129575,10.425675365247846,2.646708670644428,5.107940109890146
344,2.0682550974672553,1011.6417179135976,331.91915949123717,911.560409911242,-9.014551490070986,180.12241231904503,270.4607978240699,283.96903090680115,3.3319755025198514,2.771260521110392,1.4289104470596121,1.1042032798903716
346,1.5345132103587944,81.07583142771,262.6929104802062,274.53727283752744,-15.34296032211019,159.94923308957465,304.3332415168037,309.65548372315067,1.541704712930148,5.939868159591459,1.392585867218217,2.5234654711989046
347,1.650282834571656,329.63296773969273,326.80948570926984,481.664146626029,-11.353485728116421,179.3726525313012,279.6530856182202,286.4422342923222,5.597991276050074,2.4461903087923558,2.1926331874645757,1.6387530205008214
348,1.1838062798577464,209.14786359189523,271.7256755989128,322.749870705063,-14.990351866310494,177.75206565439663,301.9327312560834,331.8668397010235,1.420830369704555,3.181702013133854,0.12461732612703624,0.7080166692246372
349,1.5466130151041835,62.38883722237256,306.25714360322195,265.9355888707993,-22.60024675122569,180.11605411212742,284.81917514785255,271.54745575475323,4.539738498126876,0.8488096012975337,1.9871790781869532,1.9643116494688329
350,0.6578045473934995,319.7328531090809,262.33291560237956,258.95010107159476,-10.689874724433608,171.8387061661004,274.25810554938437,287.10514910735617,6.004927271225125,11.092660887625819,3.405989980854061,4.249247412832267
351,1.204105968254821,121.06464029156052,271.47491960362265,251.43751504323896,-34.54087712433754,126.5658133919652,289.91811478093626,330.9621996002097,2.351160997313859,11.687107558865382,2.6701486860570873,5.012753039127524
353,0.21249372313395742,158.85246794969737,173.00940444896995,385.1233581422127,-6.040012690551819,111.41859575581282,356.73806303068784,390.6778431052825,5.173246143822416,5.941677613405567,0.5321905845499759,1.5261723446417723
354,1.6268852904645121,302.485561968518,256.62187456516153,284.64044558208536,-16.45919918777828,146.0371598175267,324.298993945727,336.0285558121684,2.0734320493989964,2.7116399122429446,1.6347974274648331,1.9815337347726012
355,0.49114795655045684,479.3728709660273,239.02078395277732,359.53220155166616,-17.96637178697088,149.76650438372678,322.60500295940113,346.868939895274,3.8877722742724257,8.497822161530355,1.3664719838685142,2.3295681094210208
357,2.2739307564410165,516.314464179359,326.0441307716066,534.6480960505302,-12.55905058197099,161.02694513492813,250.43723827312266,282.7392785090891,1.6861341890396195,6.060308141079886,2.1847903341796706,2.733703739102476
358,2.3307808295787216,300.23089544093614,314.1477412729362,269.16330386453944,1.5243260542811399,179.31860756607222,258.43564440433545,262.43344201431546,6.50648103989088,3.7228545898657277,2.775498999412561,2.2945458654725894
359,1.7873074459980867,164.9687869085056,302.0628323080893,316.6944861239673,-1.7738561978677048,185.29870034325165,306.2590976012766,317.52327440241476,2.2562701031999817,7.833257698034705,1.9920396038723598,3.324078722337868
360,1.0945745991489932,93.13756142697008,241.39957406726114,541.0658530108057,-1.0473757589667976,171.41644296033002,314.0103265614931,311.0537281713305,1.6516576842060218,5.484522367567707,0.5458068097675342,1.667164385288952
361,0.7146717638218791,163.159376242449,223.58184249480678,534.1710666940297,-3.678517209163008,158.1614058351405,323.95953642688727,332.36422415273313,8.735661363658362,5.883950356688611,1.383728278083834,1.0154811434291862
362,1.4506048792714519,124.11626982560131,292.33892607857445,287.7601340959523,2.844378701638579,194.40054836414447,282.3006906873176,285.4680019179818,6.362610828446937,5.261837995424149,1.5837785812930067,1.59254279533683
363,2.29842107672144,247.8772121981636,258.9942707167075,300.16495496632587,-17.181288131535286,136.7486320226427,309.07163099371127,312.30340884898845,2.381439061851112,3.6351019740051034,1.9436596327334064,2.5556761145547493
364,2.7690423633711445,1235.9067552375936,295.22828892083004,396.17803837388175,3.391234704177606,159.43578174199595,269.9171244585002,277.4047279884956,7.318475831003726,7.149961647108311,3.5073806533129526,2.8716229857949997
365,1.5935849454460445,464.5027428627719,262.3193644836711,450.5554928707802,-10.857689642243553,157.9942476602646,284.1185159449115,288.25495390738473,8.593736183645198,5.65499727584883,2.6754651610066817,2.0688917686343475
366,1.2169180069824272,245.474781488661,210.6250060494038,264.6999253396716,-2.5762742521680693,176.0086926559192,330.12811187357033,318.65901934821284,1.9658394696892927,4.660733246149234,1.7679145575072854,2.9661275283930184
367,0.8902343224807754,516.7059705666846,321.6666652837575,678.3515383134945,-6.1635751934943706,157.833490161626,284.37322490611996,296.21605906533074,4.429271363666119,4.397908579444253,1.605972618148126,1.6562233432127929
368,0.7862338914161464,71.68211864721547,282.12339368552693,250.24124968605628,-5.546235072650667,179.75624978431188,300.69630385240094,322.4562424376546,0.8005067392610599,9.621583707758205,3.7546264331829597,6.237175762826105
369,1.1512458375319157,158.4149411271237,297.6538199421641,376.4401709589345,1.287156389646551,198.4248402296406,300.8075405382128,292.0039264798415,7.790868426615701,7.299242064669724,4.6170968350833395,4.7503914076182365
370,2.8937406305071245,245.06281410262352,237.2286134745113,317.3684861383225,-1.6345221331546078,164.80371891125955,260.3615262091121,253.20721345173462,4.415265118334369,2.796366343300124,0.5361631146089101,0.2920143372006394
371,1.028302144860067,175.0479125502381,195.76046071260035,354.07051360001765,-15.630627837887339,147.53042311105241,359.4699551825912,365.5818475938422,7.20379911448947,1.1489134639671388,1.4610470191597598,0.7988189357366855
372,2.507338874177665,56.246954748922064,237.89550000999142,325.86972982194135,-9.345959713182559,142.34035956873126,275.97823243308113,290.0451901353249,0.5581504661927021,6.084189126747796,1.0726961342986518,3.215131372732565
373,2.3046442899532185,578.5880496679931,290.73382228494046,707.8118761488338,-1.9830908515478107,125.93219384318998,257.938917785825,259.7440122927019,9.378594254658648,3.546263926963845,3.0218983800889094,1.332458712744707
374,0.9873020556633185,513.0821930038525,248.68921529490586,320.70226160470156,-4.50484535392464,150.91818813329286,363.1863636300087,344.78778141852314,3.5756032131561986,4.389758402456124,2.399979292183824,2.70748467345924
375,2.7701734035263126,123.45941503032282,267.1048274784681,335.8230188063518,-3.4042243533110117,138.8038158321218,233.37048406237295,244.64322547028019,4.19449830167322,9.41461776294354,3.3636189759797217,4.7999253033244695
376,2.183039682260083,199.6188113792739,258.6526584652281,285.41257587842057,-2.9419920846503977,176.03505909531802,270.2463804802898,286.94708472954574,3.0005587377729093,9.63762842253337,1.6685971687527361,3.5208354010250043
377,0.7638821234305859,1061.0743900123007,285.1413637223425,806.7849256522502,-13.072551421530001,122.77755223049485,314.7237245075367,308.16916513015366,9.84833581009476,1.008425605503235,4.576357674687778,2.2635054442237825
378,1.889668390387431,135.74306387844962,249.75968481062122,702.0962969403,-8.384788525375644,121.61962500489744,291.48193440023,293.42951310162357,7.844209835461735,9.491459456960502,1.4362868130068036,1.753608740608559
379,1.3511943452841189,223.14064852021644,266.11820275171726,277.0339102815245,-27.004053737256832,138.6281767960653,306.1937725155002,321.7876366250662,1.5684314123325103,3.3238832561938225,0.9411927469316692,1.958040017722424
381,0.9372002145731608,175.65280002348862,242.59762568404778,624.7930351184094,-1.3159896851940367,115.6645186654594,311.0076044999598,310.9041879857531,7.799449752243774,9.724947477843472,2.6837246786828817,3.2531829746651306
383,2.2089141114545656,1386.17475356335,290.86510961200787,803.9715731469036,-8.415156048998309,119.3399746649282,285.06437406968655,291.29142302455057,1.9901549229664148,0.8387104994964751,1.007702997335701,0.9808598638909047
384,0.09749646191002448,81.46904421763139,286.9539813998574,297.9005127774226,-10.275558078378477,188.43873046367017,313.35123119623404,322.76294938894404,2.0275537563536474,6.843410733255993,3.0164021551438602,4.591160670961136
385,2.11449012315445,1013.069246687842,319.03701419467984,935.2035680972228,-10.71699433262948,160.85178764852674,277.21354908001575,264.6522797353958,7.361166218748696,2.7762077067968405,2.1203606186249506,0.9450312716724727
386,0.19052013011922098,444.9675025793211,311.49735939491063,435.4447176055428,-6.3936738343607935,251.54442358834115,316.973584016288,306.4546047613231,9.581461468994437,5.428704287572293,2.9827520514747876,2.274765354742992
387,1.3880537761661365,1600.8505647168074,274.45773844048546,821.6672960327435,-0.9172827965844554,148.93659539887543,311.74443455852213,299.4305100866916,10.726874115448457,1.4573173047836572,3.5681565472162893,1.2370895209794937
388,1.527384183387924,64.62553397697548,294.11595715263877,295.8468978981241,-14.585137999715787,182.92804288941792,283.58910857986393,293.4743721074304,1.5350329609426723,7.053804300775749,1.8748217860238316,3.971273985090951
389,1.8157408385093545,331.25523238976814,280.78357259495493,297.0432802053557,-5.644932664933577,225.05644128856028,279.171928734395,288.4916748578225,0.9294572951647653,4.137605533719079,1.3523565296090367,2.548436939062231
391,0.3375610191899563,692.9542079819955,296.02077393993443,738.2911538801377,-12.229515697552298,136.49052911290823,311.534999195928,335.49683574666193,5.453630477664392,6.284525775705278,2.270970693888485,2.456078346102262
392,0.8242099100351932,114.19354360101141,274.18538914201065,392.6292431752707,-17.22492483052232,163.00741403828175,330.8767768604729,354.12290903713233,1.3368130335060968,4.1660608180263825,1.0193038907852392,2.2490439832094418
394,0.5952449206884016,727.9385447875749,245.28095187452175,560.8488014127918,-5.992056337738685,110.02017564421597,347.3482371061184,336.8965162745544,9.865826899100224,6.752873080458318,3.973423119946588,3.3255370730200666
395,0.9678112580928198,627.6764404501133,306.9563471644086,541.847100980993,-25.701971911927064,153.64489932344117,294.37179253735275,316.2999827042917,3.795708532942407,4.0963989757969115,2.502017908956207,2.4191375271349047
396,2.4650583971238604,266.0751006850894,258.0341196891352,438.2836000326401,-0.040369303620071406,124.17305186184251,280.5602584338139,291.2922386647862,6.693075547956545,8.68123443168746,1.845864118340966,2.181210366208509
397,2.3304981213635627,406.7840213088409,321.20529123424626,715.3198821886007,-7.657399637090947,180.99337403552383,253.90829096467496,251.22616640024927,4.085522021939441,6.591751083199689,2.505751537591799,3.2725404399006903
398,0.3885201423362856,354.25755535053304,317.4385787247356,855.6930767631025,2.469430962939665,251.4156894694146,311.36618839753373,295.2195919555633,8.544790218392695,5.000169771641072,3.261343010962614,2.3118415641876666
400,1.1423317603644922,225.49353939948045,270.56208947966167,367.81300018156765,-5.855099983126522,168.57552383324716,303.3841403701399,293.76981692800007,9.107048982154751,3.80768939724245,4.78857479983855,3.243145194344266
401,0.7978381218853405,174.16363734023906,270.86190211204985,276.47082030936286,-21.56868233700619,153.41895820705938,309.5385576567458,318.5323570203777,1.9300433193138615,5.881021960732515,2.667560068212602,4.008118966267222
402,1.7503837223123366,550.3745675296607,277.34942443861195,422.3876724176723,-23.647171954047312,159.17330134268664,284.55383652207007,280.3737500270043,2.9154812272290895,2.805443363125462,2.2583675167855337,2.5403257453007164
403,1.7981203445927783,118.31124260024473,211.09477394082964,286.4959091404066,-4.5828086068251395,172.5866450632471,298.6378221832742,287.0379184111837,0.6853494703833052,6.234057112288038,0.29746546449689726,2.3806235237017472
404,2.95433093603505,777.751915185952,306.80201004965147,872.5506657989679,-12.05714733648053,96.49851052641878,238.46289325300236,246.0551323201473,7.568211187539536,2.155028281450765,5.1248228678824805,3.6569626609569896
405,1.7604670926822559,152.98018164987798,270.4399181827797,254.4747092176415,-2.302491911196096,192.32905120382043,264.1302371138727,289.40732994270644,4.222159513702278,5.698573523995027,3.3555249906837004,3.871175303551503
406,2.761664154831166,252.4734548603581,280.4663965857584,532.166463410626,5.466369344097259,190.1620499551939,273.9345267668288,260.6537415953866,5.3055573020753055,5.375207982598106,1.7704862883945989,1.963387243879339
407,1.5528164200302108,260.3377844531184,268.8850329367886,510.98307149398505,-23.26540763799896,103.50424747519446,285.3277593588915,291.61317261557423,7.973167358787693,8.201633834841425,2.82229320952236,2.860316905454746
408,2.921137221110455,51.57330943860592,253.65607403134078,253.49778003653358,-8.724659852246308,170.4016616748129,231.38789424112122,246.12599255835377,1.32477654827703,5.756507753840255,0.7093933679025792,1.987290176549125
409,1.9260868622284577,64.95180129650134,273.3824490412657,472.3553631541122,-21.78333590695093,118.35804711700031,275.35989928387704,293.48496615002324,5.622753433029009,6.333426531787046,2.911635797584435,3.4336233509535767
410,0.5089324245791293,470.0159218800914,259.5407244620784,440.9912116791181,-29.767328752347755,99.91136639290676,338.6356132937893,394.5501506777409,5.990535330294085,3.157911651315875,2.56510646448002,1.5579258117932602
411,0.21058194409717768,1461.9026067465222,259.94092965049003,910.1896374900571,-18.612086739814213,127.78964841774223,327.99444338994346,329.05051893424496,7.8464185466967145,4.905658808955816,2.9290039145709015,2.008417157508693
412,0.2263586681535532,961.818862191795,268.7451835319637,842.3105998918788,-4.495374934307019,158.86022752060273,402.44887703350776,401.92674904002604,8.870037862269024,3.9598292555372745,3.9795757051909018,2.5848391588166946
413,1.9046976777258164,845.1682464458995,292.6904908870845,466.82014457715565,-9.346274200790141,154.3656049059046,289.564480643616,285.80822108498535,6.010791749282866,0.23251735647999983,1.97664476460157,1.0834907083980199
415,2.7549433029566726,501.26762362917935,316.66039956460475,837.0069902660516,-5.765547079619822,183.74946130647348,278.3925604117086,273.2797231945061,1.6912465930268055,4.944628971743585,0.3440936260439007,1.474295626744543
416,1.3716258456873929,829.1739254278975,313.6011294169772,918.0748986993789,-7.139274126995918,143.63432006352383,283.4908744967564,286.86072410751217,3.1331081764159965,9.20725839752103,1.637681152641611,2.7941018856029984
417,1.1364270755649888,152.7730952415351,169.48241981323278,264.4113932775223,-12.425720772490045,112.59896898877037,311.89880422765316,322.96484903925455,1.1792416371716463,6.547355770014296,1.6315231166521453,3.325468432762762
419,1.0903854855978437,272.1660247679157,264.6641128602198,864.5064011668337,-17.05196650968105,96.19206618619172,312.08152587689176,317.93711999168517,6.536248385943162,3.2560342134307447,4.689930676959371,4.126113856447131
420,1.0457481666173374,41.11765881628037,269.6160189021769,345.91920448602076,-12.06866887612895,152.7668596163067,302.5487753492653,318.6726209355913,4.271002329694219,12.475215812807374,2.47920401917405,4.447010122981902
421,1.3256015835605868,358.31975133701746,299.1264283517463,436.3979378583913,-8.310850813705226,175.71851296169004,302.06352941952264,301.7263894545377,6.355736307523066,8.225099627608051,3.8423487433899224,3.9392893745804827
422,1.0466244590864648,142.45984519617383,253.6685624690572,545.1821124886142,-21.54145445032036,103.00243032240948,293.9699467336616,299.4823145592783,6.727236360001138,4.984494113433277,2.2284504597548134,2.0337376496683515
423,2.2564385997609393,910.9127094244801,234.9619427884251,772.1326138115048,-16.0893949314511,141.63512951787703,291.4680571780713,286.6375887144755,6.449994333765592,2.303369365967756,1.245431148603184,0.48128218963998703
424,1.3907590442035769,237.1161364894576,251.32759254093787,626.5562696928201,2.991963142294818,141.49701056470101,280.1195422055164,274.02798653383184,8.862339336742792,11.99853756476675,3.528074948390536,3.956054191759102
425,0.6730001874480904,442.66018693993993,290.3741212603949,544.7822098562963,-16.721594223431122,138.8169555042144,330.5969079205363,351.203690876481,6.850226528165485,4.396848812438286,1.8889807970409391,1.9744788280712453
426,2.124068630602945,48.0745644240244,306.89185950811907,256.4461972736797,-21.077852762317537,131.47749612033678,280.7845977359384,300.657130069038,2.7933614209519524,7.556113086933835,2.6339753060726734,3.9702501723101906
427,1.313151462257927,194.85496104714034,251.79761113107133,387.829839037905,-11.65212265348412,133.48568858128505,317.1290999560763,308.4223208193765,4.113302906230233,6.610636224031144,2.949212983463211,3.848300989616317
428,0.8574568206850985,991.3616368919484,263.9373546560644,769.0600241442337,-4.070438275656958,164.7876067621367,307.4071701094712,297.7940780330929,6.45540772734178,4.885532968604104,2.9322530205912543,2.4940316892955323
429,0.9095375854772629,196.67688400976348,254.7616002672094,352.2109895562205,-19.450620692460614,186.42263218758353,374.95280351348595,417.0375168114838,1.2998348857753115,3.1456100234089726,0.12482050579251336,1.0033332866615048
430,1.360166835854277,46.54649687105865,263.92693385124005,265.4278991027559,-14.179501752895387,122.4116703104048,282.1709628140193,304.94477217472036,1.9841378274957102,13.76771004744042,2.3739372093413604,4.709506505553406
431,2.5359707349044545,106.05692234461958,188.94623974850867,251.60187414183,-14.606906356897635,116.5100939448682,262.0562341205221,268.28042194548317,3.9193696447921416,3.409321910232663,1.6365996575313138,1.9119396121432997
432,0.9069456556836517,52.38225919289431,191.94191054866826,344.96210358228103,-8.865909554628892,99.35871164210039,314.2664893224512,307.9046577757146,5.985165342247162,15.332103904762553,2.5421692351267144,4.407984371757287
433,1.4013480217769034,209.32290979404738,214.37062551098532,591.7475441848317,-16.152349607337655,121.88370520786222,309.7944647269288,303.80474073622815,7.811351343798311,4.249455087716028,4.161005675522464,3.400327573319545
434,2.1336527584872824,268.38140977380334,292.77000759289933,431.0259707301228,1.075965027729282,186.8011701124886,273.568122968333,274.40161963971593,1.49202167386147,5.330289772545705,1.4035507529477504,2.322634629903316
436,2.8345394981264143,214.66119004654598,241.5585622681478,516.1378422518022,-4.932284827810154,99.70245886334146,233.3551228182782,257.9409286568387,2.568201888931048,5.088461667054572,0.5320230750191122,1.2832238715764048
437,0.18325456800330642,269.2421159815711,305.6851145013954,487.16588051885026,-8.799476348441075,170.68136244307215,327.3609858711397,331.6950704815772,6.664180528270455,7.846999363393181,3.1985158200022545,3.3362648643776147
438,2.6313964318993652,139.50537437767917,290.3774630116749,447.56173320358283,-22.300349437466913,114.86333155747863,227.10027896186594,255.48876733579394,4.964963900363635,4.587968523800199,4.446495746723239,4.226813163001726
440,2.5007418278284144,177.64453103558895,324.8972690826139,623.836350543617,-17.070804684414487,158.74554158267492,283.07756105734194,306.0738441446083,1.0416699073903835,1.903164403670015,0.5506341649120647,1.2101595048012626
442,1.823469166690404,789.8526785663717,296.83361970065846,417.0802979779714,0.07726478498941702,178.95377829916552,305.50654788229076,294.6137888994946,5.93948516705785,0.9781284530320011,2.1916050819151267,1.1594207832609926
443,2.8297060899890973,309.2601970432972,286.2466880263407,289.3792431378115,-7.436739575875606,168.51105009453823,227.52578991263726,244.80118781644256,1.3170319882292625,2.9043767688985853,1.9660283663001519,2.687050099948676
444,1.1501846229982324,58.840346444006684,259.9628877705471,298.6814425353805,-10.582171102952547,127.49211617194604,290.1292933322066,304.16881572555553,4.6834766212028445,14.121064076891775,2.587783415643229,4.631714139432191
445,2.348097431139622,987.33497961453,320.9238224787264,674.4844256581534,0.21914930172917124,174.83263944089921,227.75148674567046,258.93741242530405,7.729370079472174,10.625323862039917,2.325945316230023,2.347569801496939
446,1.8542351563637038,676.1531889241071,265.74498102265636,560.0372676957523,-7.424833641500346,142.15248639227437,294.5069618418085,284.26831970336536,10.438680841067006,1.4842503169134766,2.5022967883834664,0.05088644003134757
449,2.928489938132115,40.94867583297196,275.1982343793251,254.21288756653223,-4.754989869812363,147.90865321866022,241.8875702475916,250.87591652199737,2.6496620855202497,11.440690382770116,2.2309030638672507,4.521883347231663
450,2.8450220084398596,80.24257253442431,274.3298062759501,298.75491897130246,-1.7432496953091459,161.06066665521803,272.0597236462943,273.77092540743,2.7993018142634174,5.315962458787551,0.6719391533869534,1.4082971221682232
451,2.122131657998134,678.5937230457542,293.5016726634848,358.87017144189343,-10.083651393843773,171.84240154044306,244.85735628591368,255.4202022735603,7.749328180298299,0.41895736256225824,2.7535015797949645,1.046460374749963
452,1.4135825715168118,400.1716954266904,255.8083400175712,293.4546816179477,-10.179971235076284,176.47105958830403,293.2362820276398,293.61899303483904,4.520585956133946,0.4408168003495234,1.1770241243004127,0.4241226771199105
453,1.302045437800858,607.5090611766952,278.82429069852844,597.6593123608222,-8.399061828889316,174.5621918609814,301.46986386910766,288.0916965838866,6.709417779507245,0.8305279153929499,1.3176760608555764,0.6769319597838832
454,1.7264139272006265,101.9893743249848,286.71205149482716,257.07232666795176,-18.80929560918851,134.2740827301273,294.3007328044207,303.38876646659054,1.4683694508927974,6.251456531083952,3.734478179479127,5.344100405910204
455,1.3165486582844177,641.7444105737309,225.57003586510345,398.6606767958482,1.1640325315673117,168.03715545275608,306.70975273811206,310.1644759085864,3.7972630466278563,3.1651055750878188,0.4934066484370381,0.5012970360999185
456,2.6570580356620095,87.15696908202784,245.8903904361573,516.2812727717057,-14.00087562550027,120.77649804822033,270.2255527441377,271.52335808059206,3.9358316298458043,4.001876685115517,2.2837703483660614,2.5584338682613352
458,2.551628018267974,415.7596520923917,293.390864366756,553.1675230909478,-19.654700596058667,116.10119019782874,247.1971810714417,257.7053586037058,7.952905170547199,9.893767914620948,4.4381967808085045,4.067085906445246
459,1.863313645598862,460.14314641548685,266.0959551808741,504.85906361241797,-19.301861823979767,151.59677885780667,275.1580101832188,278.29604820710773,1.8031041319515295,6.006423902200491,1.8179117242303184,2.712442761953084
460,2.0949234890486568,222.92526385553742,233.06177469519815,259.8765961627322,-1.9876936850378435,171.99100785353724,271.0033692013285,286.27380231294467,0.9813194822830167,5.558066429280422,1.1538446967901825,2.4124318224866386
461,1.846066431075149,235.65560380069078,194.12433951953696,697.5360279627441,-24.123984866190273,85.09744410823457,320.86072947150495,315.61369325993564,9.769478997377215,2.227808171298323,3.05179149223077,1.362787298233602
463,2.0609967846648045,675.6456092114083,268.6823816880883,687.5241864001806,-6.905341057691885,139.08678880560075,296.2012900897393,296.5890128279973,7.440890788371261,1.5773117353236943,1.8480851220835253,0.6716247924626177
464,1.109400905679558,136.27330203929762,248.31351176850131,260.51098592832477,-12.048781265984783,162.42428978292244,295.639349606868,296.1723467893108,5.964996793165294,9.744427224800205,2.001157707222777,2.9719082196105133
465,0.06773225209029521,613.2181863711018,246.44053204357198,669.6522682454208,-43.14196754228366,165.18610928739653,384.5486841246277,420.96774575517594,5.085537432173547,2.003651008064325,1.245084357165895,0.9088972716960937
466,1.5427938690293705,280.850518736939,301.17261608535176,342.3141852472638,-1.8418526683120362,210.13487089141603,295.9528815429916,299.4401217881725,0.7316888074830219,3.301187012404809,0.4645539113722712,1.877754616112587
467,1.4809381473009584,404.5992165161178,301.1990154224052,705.7066492273523,-7.8225152900437855,152.05617578757827,308.4545113042584,297.8815371269183,4.824649665998122,4.19720075302865,4.403484662743615,3.8554203352436898
468,1.7778365223862407,87.35645649690366,245.49447346274073,277.94253589588345,-9.859133590545923,172.62065290136232,292.1782756588802,289.18305072103954,4.378754559086286,2.1790003322139597,2.1616446584158986,2.2517750085931754
469,2.45580109266503,173.82899213584773,295.9040039193302,758.5002051396468,-7.645299962733407,149.30482047416825,256.3963180230575,254.01194034780724,5.05840934425167,2.9424567215560473,2.4463211940047525,2.157981650023245
470,2.313179078946341,191.06396525001992,283.2625856711367,455.85938099940523,-19.692709120530925,114.49930228970697,289.3694010329442,282.45358207728503,10.556884361808914,4.0149085734161565,6.739556873491059,5.024626863226059
471,0.9882754207113065,1314.5702648266847,318.7986146042124,739.5543956374912,-7.764141683388299,185.74921859938348,283.5113142983098,286.94203276877556,3.792258205851912,3.268228430230639,3.2012453028198706,2.6305313771153545
472,2.784111425583153,319.51841216315955,153.5459170297082,288.2968500443396,-3.8410008970853937,118.67671319089624,279.71265228499936,284.13824767299707,0.7237371017181466,10.723368933884771,0.5711739633475719,3.2419722501711066
473,0.787165299315931,733.3620324633066,287.6484723171841,564.9920006034749,-3.095899778794653,167.28727145819838,304.6017017856772,306.2648842217089,7.010296319906828,1.330214291855738,1.5021068982855914,0.17319371947324091
474,2.1072749933847432,402.35884051665084,298.5315764766244,266.4966236303528,1.4952574357231185,209.52645909386897,263.044095039551,273.5849642277341,0.5715977649357842,3.9885497397818357,1.875284817830996,3.344885980696421
475,2.051480774434674,511.3613768290258,251.51660499752737,255.17580579347606,-8.144424646460902,176.78461574372704,301.29622418403414,300.0997480160111,3.4735792967922796,3.440371539544807,2.818112066030402,2.718556902939145
476,0.6425724631100476,832.8936477128813,264.47610749078467,465.1904784782988,-19.936760786704415,171.70567848075453,325.2792920433543,328.5499314309675,4.4882691274394535,5.574655604336507,2.025294674971698,2.2239799607091553
477,2.3792477364802838,110.69818123839417,282.02581901793394,359.0444097272145,-4.176509317856425,153.29594040328905,254.83224684958498,257.16923431496406,7.2647193929772325,9.674809325060622,4.634988940250821,5.115562518450837
478,0.9127295429016016,1742.5473506632832,307.8893733969185,552.2510527119482,-16.597715877567527,163.7309181102761,303.5359596104194,304.4061215025789,8.671376536292446,2.2740219734077387,2.9517505927508436,1.3568006243879898
479,1.0109088660498857,90.80299029275682,286.2906641167027,258.8412135945921,-15.2959080315971,194.87976333965435,289.57257945170977,296.07081438496914,2.411438933887471,6.621895733913502,2.764040167051435,4.285331394012393
480,0.7693201745643652,671.988731245334,299.2603705871327,529.7162603856943,-1.2411310457143898,185.60295627267774,285.3623956053783,295.22542536800614,5.592141497995325,4.426082075260226,3.475625725289497,2.984026652557894
481,0.6189734157079747,150.84680386707896,274.09891517696343,263.64979885247067,-7.830892391214999,158.64593183434704,319.63653337730085,355.9863341682516,2.9208103071151745,7.06078558704745,2.288865969430079,3.8796858436501056
485,2.4644327551389136,601.2912033130123,260.3763196937367,371.64478676864576,-13.72956121911539,138.35029871328103,280.7501803986012,275.80253627240666,8.950498419888664,2.3838894672419,3.7599312607450974,2.211914190155106
486,2.0789260982796214,392.21297332745684,277.69466288937406,697.641281176949,4.337213785586407,171.3567373170159,270.9224412489683,256.4749687119949,5.379085220479485,5.66625478221985,0.27712440510200986,0.048299451494365986
489,2.3721632078020267,626.3342408510688,288.3928666199396,271.2315687646944,-11.088506278922079,159.22239008063843,255.4135709686542,270.72311135507164,3.0684003338233965,6.069466175005848,2.627157587996428,3.3216398972298444
492,1.5004419813077334,137.71512565460387,315.69419246899724,300.81620305123954,-2.2978648027513415,248.02189008379736,285.86254887349065,287.6759369680772,0.7003288559119496,5.84009443902259,2.6758795513246736,4.327429611682536
493,0.5125147517140531,71.5076541901023,264.83012029190047,251.79926894920783,-14.78213364905276,144.47968217159323,311.7832974364607,375.80070978287955,0.7406610079845808,11.31237507232482,2.136843009844878,5.043876208045528
494,0.23260080671617356,854.1185821404413,253.76555582474134,365.4262369310518,-10.155543640987759,165.68389445668672,317.1452809147054,316.50399997720257,7.3818845718176105,0.3027139817912934,4.806824015467008,3.846745378335135
495,2.1280089844975443,396.099785208374,337.54263470154876,516.1068459658229,3.6365710407962837,195.24662614559708,268.2634405272578,283.15377031708397,1.7261162649553516,4.4959700317681595,0.990214663161259,1.6768324494783968
496,2.839657466542507,433.86027992622496,299.66353337296016,655.5863848101028,-6.809966569402253,141.8268790858271,289.53958333723875,292.54858435989604,2.339889479601681,2.1882081754767593,0.922004581318997,0.764433128775998
497,0.23530280620017008,402.43922125768,228.55469789543082,468.35969419096205,-26.145325155383308,108.73869254881924,320.18841075057696,333.7729517892233,3.099890244766791,1.8880965770614808,2.256468326468119,2.1919665254466105
498,0.2143797163631378,1011.7516582728356,194.79810011863577,893.2754867925594,-10.427858534063219,108.17004784372608,353.5942389045288,340.73484328347416,4.97682621543447,4.498646310497469,2.26085481815196,2.360326464533099
499,0.9512558707446623,234.0144587096949,203.28482307819488,457.1667786128587,-7.425304612470978,128.55618270177462,299.6581099445029,299.64010478188584,2.8018439312141847,5.620056979317655,1.7075010817206233,2.35543356696035
500,2.2042227296785404,145.15271365859388,282.19233908819706,463.68849892505654,-2.112461329116737,179.8728130792254,232.3582320857281,248.41166680715196,4.333066986738302,9.45530066839421,2.149132104002975,3.2934181160858973
501,1.0264874020710417,436.4854652090204,328.7743329327719,781.5221279860555,-15.36584955673133,188.5128818227046,310.2261478517184,347.02285635402086,1.495259527972721,1.5559384816218595,2.043598809505097,2.171630890080991
502,1.0552862184077094,147.68804985955444,235.62563413592707,279.158062847228,2.3938591137030585,193.12015172539458,309.1451643686425,291.6126880913376,5.26214724530943,4.571443025795677,0.3327601149696835,0.635842250739477
503,0.8550290398031208,125.02423848506083,209.8393271941637,335.69126463606733,-24.276049120340595,103.76678353357002,298.33638347801667,327.87726067332653,0.39387637308052614,10.02528513576673,1.6074025340953622,4.924230219322862
505,2.3395830978979824,331.8223425014886,284.4753891719847,748.5031545063384,-20.4960739207457,104.76711143236446,277.35433715041387,280.67529605488204,6.463945194562663,0.3607111293959093,2.7062732302272243,1.1759106511622968
506,1.1958330670915154,121.47888338210544,224.91475251299616,358.7344665739058,-3.537370875616581,177.84787495811986,331.3816559963433,326.60359787287314,3.3540557963663087,0.512095941853703,0.47425035270631954,0.416889586665556
507,1.0444595470508635,308.16297984587067,286.6382327082333,338.18883360728387,-2.1497519537446763,182.4898463479617,292.23327288378647,298.18060888023683,2.7095669205048787,6.624580026468398,2.5307620090569105,3.6930184050069412
508,2.6547933923750358,204.18813044202784,294.60346480007286,353.45789106213556,0.335623002009644,184.33734372525757,264.6894607228571,286.4269582831755,3.1589621363778697,5.799960136352368,1.022648626267669,1.300620028921909
509,0.346131510473791,96.69048996340172,245.49145616677677,267.13193081864085,-13.865654257985529,184.47196129723255,313.727898247253,326.2226630897797,1.8907329826992174,6.0293532921445046,1.652173649934519,2.987107389382376
510,1.7325762052917215,492.4329676006871,318.26468249392,411.77042977242417,-12.453745141288781,144.54225578319682,277.9787374370186,292.0677064500156,2.273217795829889,2.551012482360489,3.604566587545058,3.653492534906258
511,0.15480433657773407,453.3840798625207,291.0971257135027,455.7226252726062,-14.797340569283968,150.37520176170673,374.60612472851665,429.4886867536227,7.581009737309004,5.202551042749303,4.470320437195888,4.226666038467608
512,0.6636113062658429,860.0047077177151,204.90162296189075,345.06743645337224,-3.5440709141046156,139.0309763675259,298.89464711931623,306.7548182916216,4.395621577412126,6.952949579567987,2.0566188485346824,2.638726865445445
513,0.8845011329037744,58.72311828746513,265.4398681791072,394.7141267541203,-5.1909715409192,193.4361134178861,285.0583920671792,295.2600402962289,3.470289741161915,10.502750768405512,1.681007274081138,3.2719085711312164
514,1.6076760297460104,675.2269659301724,280.9148097165874,372.57236929913745,-6.943038448501895,158.66659367588719,267.9905498025324,280.8522722533539,7.097218842136609,2.4943288775562995,3.293390121245769,2.2814413741633515
515,2.221500658678654,481.77782406992594,251.59437865040172,499.03495226686897,-20.028055550118253,89.69078036465618,293.7969538952538,298.2315285737703,9.332084731487345,4.5772258597816675,5.12536563048444,3.633600069836114
516,2.309801502259308,1247.9001841294466,303.9608067068881,631.065831381008,3.6604290964241137,163.18191103200868,233.39273036374038,252.4059144159754,10.785436990879923,4.264113731800638,4.4627611058617,2.2094165887505017
518,2.384294195896334,59.96008858893123,279.08353070110377,343.5198229959509,-19.648341802654148,107.06740181193051,283.1914608683887,288.4458776094942,2.0261348843268125,5.669907945446172,2.837553371837596,4.26665984508493
519,1.008279500390194,176.75292086639973,241.45082065966398,250.96859970574457,-13.290432569394,150.69060932665786,328.6627287935397,327.1465775415521,5.223998793987109,3.009931082676978,3.0650028891513585,3.0339608903092117
520,2.4288653215039844,166.51630323355192,229.27648934818623,267.51448801705385,-11.354996479788682,116.1546971965069,290.17423309514845,302.6244761843469,0.8385679124324561,7.034751914291432,0.21486612699603969,2.0968118840632677
522,2.266868863620831,201.14841084711236,309.2951817345704,574.7359255318286,-13.768627991035789,136.41246141901527,266.1997118371137,279.1170605333504,2.0720175038780373,3.8306587245172192,1.5790239181539198,2.212995467842227
523,1.007276046852096,568.2194893477151,276.9210041559177,502.9783998590573,-8.828963588300915,121.3117642997451,311.2184398743125,308.1690675266414,6.821687817107465,6.082257630736866,4.002262925179279,4.049023879577218
524,0.7213054049808116,182.54217138873796,273.78621182423217,501.5019830761878,-24.489737535380325,85.0104584987843,321.9115921986816,340.66574614581003,7.505731965678759,5.98669317580632,2.9964307065652394,2.6826494836847816
525,2.4631280396956194,54.155105711999795,174.9798662447806,276.09171060032156,-4.745161769903774,101.17259668402173,282.9664057269738,290.7025545055061,3.074248282774122,8.61045320921446,0.26853996230146127,2.060623487045189
527,2.162257476876596,160.83300134505936,280.0188588170507,285.2291078889623,-19.814178528108126,142.15227703229905,241.49847975415707,273.2230540368638,1.1831936849901403,9.62242096279665,2.6377268909410643,4.7876815663404475
528,1.030473094383591,251.4593633453459,223.19540794104623,333.50187841403056,-8.944249510830797,137.8056688792132,312.7817404741684,310.79649195608107,6.090223959242052,6.332015644765629,2.103191667414311,2.6120087135556425
530,0.4509136689727238,1139.737950637827,316.45586674528397,912.0241262633351,-25.43779865014944,137.6397806081522,300.04224083501396,312.54137232274593,6.866873225660275,6.577004861043866,2.2524151883055716,1.9251695266654205
532,0.5270159196454705,567.6739374208477,333.9174733180713,712.8014917003464,-6.61541557764501,183.2308963941467,327.50226231694836,335.3232344337409,6.865345957333297,4.5557218532533845,1.6749059001477387,1.3519028711248637
533,1.4692951607684925,56.385176430849356,245.07751839854174,254.12702208016114,-8.611946795704934,184.87560074062344,315.7689986825783,322.77752204698896,1.3700898311891878,7.1592339263561495,1.7067508837541219,3.709292409951673
534,2.28026471298509,697.5193708685678,235.06202846650964,351.5392738914477,-1.2634573928731463,157.20387806599317,284.1681083036132,290.6258892582346,4.417880570850007,6.2104930230368,0.7837033095572439,1.0413812954945458
535,2.600729251787036,46.4751382319285,249.9837387614206,319.20056853801816,-2.9365164944478295,153.87738103735742,274.4945607188392,273.54136667148214,0.4768519493898462,5.363885965799356,0.13770826396635982,1.719044142490057
536,2.8341497403891274,135.7046356873758,253.32757940655014,250.4991958989574,2.794785565884208,154.22443976719396,244.27348390948265,258.1658996438738,1.5186573734643236,8.415167855791122,0.9426977152914413,2.9587263302997617
537,1.1710639865349628,245.42514035397608,208.64326843544873,282.0217491897221,2.024208834237502,116.39810040474643,319.58434563833794,304.5160742206797,8.79125024900025,9.340377452666637,3.0583582311691453,3.0321507108952135
538,2.7897527596187213,879.3292842074887,313.04898581140606,383.12632004350894,-2.636134240242729,176.35209872504183,261.8890403356826,259.27551457686735,5.67322445663513,1.06858025930925,2.363343369335295,1.2038437457162896
539,1.0098911433384892,58.99822036167234,258.20155835275966,255.0014493605682,-14.387292802829936,162.32750840212464,311.21640585105456,303.99971547305694,6.762450176195765,2.9534938735092315,3.1794771523357355,2.846947636092721
541,0.4962145262821216,540.569750399338,298.990113946061,902.3290724212983,-17.044975169436416,134.90394960742427,304.49905157850753,305.36594167243385,7.061199300598812,5.292234491907367,3.629043315051632,2.897513220008217
542,0.7164450572838539,484.6569732387819,190.0844211246116,484.0044767972287,-8.297811358839322,100.95721927094864,333.12594891062156,359.2306753065469,1.7883553047836576,6.361109032211978,0.799788410854297,1.9948051120690384
543,0.7741683341930798,596.2025809445138,266.07224535715653,784.5328925500032,-10.561245311039649,114.90552299930371,327.8209357570908,308.620876042345,10.926412564724611,6.005552741422649,6.229045806459426,4.220490082484173
544,2.0539016671259533,79.11095750004716,301.65065106981467,425.95039586874213,-18.84764398476685,130.88683495180288,295.94742789853194,313.7643907109172,1.0188765356437464,8.172101946934493,1.3227240241267597,3.199112055715343
545,2.039316583766741,41.69887414101191,239.75897109673744,251.9050467459484,-11.947442116437053,137.36498890606688,272.46662599442476,285.45455102919476,8.520744487296685,16.687071663804325,4.445325750971765,6.039681272373599
546,1.5000795238905207,217.2604191772036,265.0984031354866,419.36345635927273,-0.9435732975500954,157.9522947429192,320.0513605090808,329.3199410808441,2.9845788167407905,9.09302432057636,2.465678206829012,4.268847906001177
548,1.400977246257198,75.97279571122914,246.12801086892284,300.91555321758506,-1.9644060827402043,207.99857388563618,274.39141737698424,286.46030753881774,2.1060366428417217,9.602844633593367,1.5167430253735992,3.292119710692959
549,2.1429143030673097,115.2276435278522,338.17833880642377,360.4155251978169,-5.270713955657627,196.6008661537996,285.48940293952074,285.3647967163086,3.2296421998327665,3.2920702734625955,1.9686365949307567,2.6459845310154324
550,2.722632751827435,177.9619856552515,287.95379528440697,258.23772389412454,-9.649609115209614,174.6806615887904,253.81399811174805,272.5829520543744,1.8816985341374806,1.3815525431005158,0.6404743765069472,1.040452228982424
552,2.6990359397810475,41.263333042392105,232.87810519155414,254.1239743635293,-11.45955595354005,102.53916579129995,254.40618565800222,271.5815390079523,2.590483529763283,10.127167459371101,1.0989671341454585,3.0029857986748505
553,1.9678485380793411,120.7070139330142,227.49333280764327,366.64748167696916,-5.720066157578625,125.75492266724117,296.2565312413845,308.22647522730546,6.393803552776019,15.393423268488876,2.010365262804644,3.2053119995710997
554,1.1984845158144175,415.5670411938312,258.81746317215266,452.4647672075396,-6.153338875296566,131.09239643389128,359.87346124485003,385.8281957717513,6.489204732050646,5.04869616608114,2.1817972227498688,2.042777071780752
555,0.29900128092014233,93.12456007939113,233.004671939668,257.283425384163,-2.164521269036026,206.81805802654705,362.20341137698813,375.8191941596913,4.745453963934288,7.149801154528411,1.8717763764128548,2.6347892984206185
556,1.3704271722714516,271.1465407342331,255.60808952906382,327.57779237863156,-20.59953137246776,143.54040619938135,300.4647223845835,310.6692773827911,3.9784361611073633,3.0355770518058347,1.334430938112104,1.294454229222146
557,1.4651984269139264,719.754328360619,233.47210784040823,322.5139327474,0.6081648785610128,173.8849413072616,293.8988985651991,290.0667656932314,7.346697957261924,5.656854095374214,2.6866426398101892,1.997773700895229
558,0.22186515687442832,559.2223366779581,328.2758164507595,751.8193155200115,-16.224551588327678,177.094927967617,318.6476825736937,316.9348067992971,10.234975428303851,4.635649126128072,3.6257585086296684,2.0884807354972463
559,0.6088536780987286,59.91026420269907,264.65938769508637,594.4330882239561,-36.66368970332945,109.27863140888573,331.41508791613063,398.51620658236334,4.227018329064337,4.1175042665195765,1.751166405808185,2.2144403101900854
560,0.5823255181387363,805.472599451535,296.4943063122545,705.3274959103856,1.1379447387936814,205.88671384086672,347.87915228990937,389.36851618456666,5.8497499619537345,6.582586706838373,1.4349964774198591,1.2414705068656584
561,1.2698818175019557,704.0805322249748,258.1048185287538,298.23279210858993,-18.88688198763372,129.80381212573295,285.1085545421073,297.61417352073516,0.3517246100067104,7.407898930007221,1.5687233028820484,3.6034182564631867
562,2.721732554175593,280.267490216345,260.7858805097471,287.03173619987433,-5.858312317456438,147.2998139453797,242.18590490665423,243.91856558897115,3.4464219395773794,8.337119353463248,2.7360508555300695,3.39977566710423
563,1.3630880901073312,390.5023054770013,289.608256626972,342.1240266337636,-16.243247028346204,143.1704278804021,320.82556998283496,405.52345513557344,0.4545273179366953,1.2989071849547642,0.117236892900495,1.072915658806498
564,0.5848306136349173,145.1008739736091,145.10760946083306,280.3290699824007,-7.2940260551536795,120.06083404893221,356.41131058250704,352.2769284620165,10.009996873254975,5.144719987680881,3.284448993946956,2.2582638671216353
565,0.44274515743605347,759.7465481315603,266.11119744610727,373.73807533773385,-20.672949870188297,149.98635998447705,326.25155250068167,349.9259049896168,4.501237724492788,5.972919689405651,2.833607267189235,3.0965917358350876
566,1.2844076361639893,147.31812377321216,299.88586641906556,629.7297355290691,-24.1208457597687,85.86753860229047,309.2729887728989,318.26650364276315,3.3550665212521036,7.416835453503186,2.3407971954569713,3.9108899722648873
567,2.1251002218518664,531.0891933769083,283.7903925254594,275.36818348189684,-8.66354622083815,150.92780657389184,230.3847783511743,242.79123739767942,5.6874637994901835,4.546247593663182,2.692883382032429,2.459965778982495
569,0.865519888348492,217.86961568572931,223.9936633791731,325.23204657188137,-2.5019266899865222,167.86865555887564,284.93924577749266,282.95705407204343,3.1507423997384914,6.71272290556315,1.2845587620028345,2.2908605048855577
570,1.2342996827811685,46.436873490367304,299.03495139328334,454.66881533885,-17.846120045530487,194.7501841114331,293.2313841823683,296.45911177214117,0.017059339448782573,4.230795613250047,0.16335987572232602,3.2046713858889344
571,2.762020665723745,55.85551210629296,234.97555027632615,258.7260688204928,-20.569047005704473,100.94996083739426,273.0022953943841,300.8788656526828,3.27916259612639,8.18309885942988,2.398723732567267,3.5974569090073794
573,0.5385697434353753,118.73252811616692,275.6610126205772,306.3824499298097,-5.3515768435163835,174.91794617663408,317.47233607374886,312.22163886276934,5.432519255992778,8.216850386864394,2.6388027738132243,3.937073162729619
575,0.4150610815457032,280.3618253314901,268.6554899413285,392.25346493346194,-10.417953076011006,143.8066701659658,335.20453805975797,329.6359988500856,6.698600682115386,6.15103482657398,1.539474624092315,2.0006016630918086
577,2.895741974805955,46.75183610203595,289.0849364515509,250.9574615455029,1.9506712667502768,201.8489964202674,221.67173644913876,251.33060598838907,0.984237667142537,6.522755360431309,1.491712877578625,3.303648101625307
578,0.513289177920786,684.6304070239976,253.09309320689087,395.42441288379746,-3.7134057525918074,135.23268232565766,369.62783916702324,391.46777864191074,5.386683009376195,9.389319691478294,3.0340411627939785,4.198701527335692
579,2.6090404917224097,831.7267404362303,257.8292069007788,571.428276735261,-9.180582406914741,151.708883530656,251.13692553558315,266.55498965425255,10.490977947006929,4.410658547254864,3.082948436885016,0.9655294085710113
580,0.5714209423649583,344.58473942378225,266.65590580159767,576.0384045256252,-14.984006458168206,148.1586272305395,348.5082058052013,354.5637885825221,5.192957311030306,5.666609988126455,1.8453413025951102,2.18774395917118
583,1.1753309526052211,251.25936623145046,242.73893156251404,286.39393942701844,-24.14834462560787,149.4805738976263,301.1953705229863,317.4642976891931,4.034376872412272,3.463429609952171,3.3531124214705565,3.6482939384282345
584,0.2188014373297551,855.0907703226312,302.5456312725137,881.5642324106072,-17.567885211697725,141.75297513074486,341.9051211817381,384.8642849036877,5.792534024443834,1.8332492812944206,2.2603067304733875,1.396579980648464
585,0.2057817989939692,162.60654402786838,243.56008181974516,290.8472466465887,-28.483941502823118,109.85052217472962,344.1941403654306,392.3551949609681,5.88789705887362,13.222780712846072,3.9087758704083266,5.415660443728748
586,1.3234093778103526,48.16242502708735,159.18860609887676,255.92013212865743,-18.260352128735065,121.04920587573488,303.89424301270566,304.3211547569691,5.374158302499277,5.389483944120842,0.5384854845917073,0.7124349955093645
587,1.0535114221351254,299.87207444744104,179.46685605097954,288.65340844464447,-7.765320779545579,141.18484331098836,317.75678965014134,306.42619855876524,5.234048019074671,4.670823275681203,3.129991708590322,2.895273857668967
589,0.6476232721740449,55.10662747161473,100.48615431928411,272.38518413167344,-6.118329734473562,121.69979016244298,386.51966151823024,469.57344551945016,1.9347863005347583,12.541662594656643,1.626973632928907,4.3135781160301345
590,0.9513251531175682,1463.235969615654,281.74346191634385,421.6591343700218,-11.401927675353605,197.36741615800798,301.22703354124735,291.4404823805487,9.465627172610635,1.14779254124438,3.3164546532354136,1.6962075693253968
591,1.7511251542593678,370.15000035319724,349.74632197096173,604.5126715524796,-11.760576852929816,248.27816798575975,263.54171239167,282.13455089610454,0.5283095729814549,2.8680438293316812,0.5568943545068556,1.5559330101660636
592,1.2513212623587449,250.9442485752046,212.82915940905318,540.5869094103921,2.1561716475377146,128.47397402463878,292.70897399260093,284.89253677738304,10.80397760387553,8.122456224526877,4.343999874281362,2.9253304927801835
593,0.21070754002519543,222.03753451165304,219.18608311354558,435.2403579903297,-18.293058561177258,109.51380314963816,325.8832347104236,320.05224006340814,9.831678585505081,4.687682806928391,4.275905824278107,3.3476411618304835
594,1.130713189853903,824.4634027904808,317.3109371751134,731.5979730140479,-9.695135534380341,161.6308037215892,305.92650806429725,305.3319758099917,5.393889055185607,1.5869376270943203,1.9844566909163999,1.4712381738126938
596,1.6049652588799028,317.15328607664094,330.19659263523306,434.3956373512477,-2.989088085642546,233.51943521671018,280.06485513226164,285.1026206642148,3.2354874011477444,3.8693516816849303,2.4538997288574302,2.337598300813779
598,0.5047407818403586,278.4223646200592,238.06622435306934,296.8518379246135,-15.606953472540592,151.32250790072004,328.8685963779294,324.55246311937964,5.580265522532724,8.656543849674648,3.250758858317578,4.685255789461683
599,2.1362346215920147,52.035942515702004,220.6847409204394,275.4693647601356,-7.322570417092162,131.86156427802464,267.22054903086087,292.8380016429404,0.831963825398732,11.913339488360027,1.9840948120160005,4.4457351226274975
600,1.7796690745335577,432.7589410889622,230.77302537794634,318.933210522109,1.9717101776145718,154.04817600771338,314.5306766791551,337.4626197254152,3.405114681362009,4.9821247118614105,1.1362022792408184,1.3738034903619398
602,2.254040310824537,55.14135252900883,270.28898149217645,345.2670827700357,-7.2790010913529635,135.98452585022622,298.7641735339657,301.55366711989,3.3360897517635206,7.9298177103396865,2.073780314268998,3.684374148055564
603,1.334031444516099,284.6149208469035,310.792545986792,500.95902546342495,-7.017136073032315,191.81488783686677,281.91944221155626,282.91207650485853,6.300075085606295,5.076832753996314,3.1395916694440156,2.894617923858834
604,2.9299730582707495,51.849384328952,303.7008519933431,282.53179106636287,-0.5899803883477794,175.9934264881528,236.29712360261885,264.73061185696014,0.06529582628987907,8.423082629550066,0.709540757995337,4.521519236276298
605,0.21804357132004837,561.4111682668055,206.64816693128003,442.46863134873576,-27.4258612000477,93.01460098850644,355.96693714815007,353.6281525083087,6.312654089413335,3.0497843787710317,2.89378744870359,2.5978951237178878
606,0.8953595457819685,254.6110007414177,210.54176392516925,297.8861151871913,-6.982195924697319,149.93883905100566,345.4322162880094,411.5353243560652,3.0083637064882174,5.307911666449551,0.9514792170497197,1.6342418519969861
607,0.5410327754914759,44.79945380074889,261.3513658263453,282.8194057967238,-32.57771578808173,110.20095394011891,321.5962750744457,362.5764536651663,5.351949998739768,7.569201650180599,1.4009729005783402,2.1734655445874105
609,2.8218185009582255,70.5233009889829,297.47801841229443,250.62991176766323,-3.339880494199292,182.74683199596333,270.1262226172172,279.26375931315323,3.205116078591984,5.215210594122242,2.9694663395923864,3.2114095498452575
610,1.1348282994432348,611.3356895211487,281.29743492707854,522.3253704864297,-11.701479634394083,124.34438153520696,290.25567335441656,330.0436972825308,3.77365626367122,6.4698137343664825,2.9173871481483227,3.375682729523106
612,2.2947574853775508,109.74392509439286,270.0648699699392,366.56824006155875,2.920722751219067,167.39739022349568,278.54575149878815,293.2664298429295,5.6903389576838235,12.716169117744371,2.212436852934787,3.5446175288709627
613,2.2515151280770045,558.1420945605225,220.44452791158545,716.8497102268134,-15.054942552047628,101.60751178221302,265.3306406234004,278.7018891517186,7.346168515123157,6.431054867974508,3.478648851097339,2.938188784999169
614,2.8647675530660885,130.16650095868954,264.2335867994828,255.8558724759353,-2.747225893547629,170.11034187941428,259.06468671348085,266.3837599902756,1.4047632153734289,1.5195415295197536,2.0357873150271906,2.5989210660930238
615,0.7462586648886642,460.437823730593,267.0767760874937,644.6807527370063,-7.227087101067777,160.47461077147574,329.36842876243077,340.8466588109513,7.105334411407895,5.276102599532643,2.8909285283480077,2.475158092063287
616,2.500004770295262,154.03140720777873,325.9884847075132,321.93222496371135,-0.3326152276585148,208.3343630292903,272.68094996148784,286.6336296517891,0.3808941531035286,6.056659844240507,1.6973792983829066,3.659407736998908
618,1.3940487868556146,122.86081287967914,260.067574136294,268.13074017710153,-8.421509824024138,126.52883634604441,323.9585060984176,339.34105610342715,5.964195590680119,8.342303746565996,2.5295415682230704,2.946698270640865
619,1.2323137935328274,63.65799226247498,268.73166738661087,250.7749835628588,-7.666509540158977,171.07697680787348,307.48815413855846,309.39678506825476,2.779061689521521,8.897596075852372,2.5735933532498807,4.505695999585509
621,2.1484106441466753,934.254800034236,311.89776189690167,677.5333221602191,3.0242314367282574,196.1541058886034,263.4504280873161,256.25606116208087,7.482206883401169,6.279685883934259,1.9431471567506813,1.2404232896094414
622,0.2549050490307403,503.5060173744655,207.0397783894912,360.3785730714783,-14.852807067109737,114.29151567727126,368.51466708940546,448.9982506920037,7.359344592010782,10.254510432418954,3.3144516954486476,4.296647941902176
624,1.592424274417322,695.5772744512617,287.03893092902274,554.3702539612759,-5.839556877919421,178.42002625525834,326.06584215048105,299.6266903641214,8.1981884425936,5.064377997637328,2.024125513392929,1.445546200181416
625,0.15607402917467272,608.8929164141373,203.76574498145646,261.2527757674112,-20.821074714263812,138.83934805437354,342.5945002329697,401.45370481679635,7.5529959186588265,1.8768908679355083,2.5545197779909055,1.9123152633395075
626,1.4986490077247434,55.178839381909086,320.4310901048286,512.2346032876495,-19.544653004335828,141.40871011978837,281.4045847024525,290.7951303382312,7.218514721195145,5.474282024438455,3.8530369871257806,3.738421805500277
627,1.558000475160978,214.57231668155293,180.55299209419852,250.44106094570688,-3.947927203442596,158.02770275898897,299.95362368554345,293.82078914410954,1.7262023307295928,3.2525497058799404,1.6655727838197523,2.3407317102599965
628,2.498033549663116,47.78134820047393,251.942578329344,263.4375621986902,-6.803342627386169,146.16341436238773,270.5515274912759,281.5234893795738,1.2437547276892698,10.029921651214437,3.4667807197453713,5.748261656032289
630,2.700863846785952,53.60473421398626,253.11602797403364,251.54069479102688,-17.286785608015087,171.87538711857843,222.25580177074545,242.088115448981,0.6674741761516021,4.195721992448922,0.6781602943075029,2.3458001423752286
631,1.6899626449405731,1156.7833887360234,267.7571270890886,734.7225070000378,5.0973148798344425,212.03605190251798,284.1310381549756,267.24935946633025,9.605571804383754,3.476133271655721,1.854030914055595,0.5530891196264223
632,1.7021917860570903,139.33682435127145,278.04867222916266,379.92036478731904,-15.624348352630602,110.78113982171257,289.9127409221245,308.16698315769696,7.279491203304383,7.888746268717351,3.7664584277137347,3.6679069718994146
633,2.6333489763352116,83.89328848104174,253.60345455622246,255.47136368532372,-7.889555517084457,169.8324903612943,230.09314479250168,249.77207829721928,0.3369171189470741,6.104092874010086,0.2702486062339884,2.391359838832732
634,0.8735596135368904,648.8803834354203,259.21824285338835,283.5426869901569,5.676017112741842,249.3684990114375,315.976854918838,300.5707408168155,2.0304658590032987,7.521840141836779,1.6665312443393212,3.2486628028536346
635,2.354507720574422,287.9990676958758,338.60646851089734,449.92129091593165,-11.603016910109538,174.353652527377,256.63399216054364,292.43616832734733,0.5079202155326858,8.283534666483442,2.9071997272790506,4.80162019932708
636,0.24190356531555457,1425.5027862601016,215.80308537519514,308.0729938695571,-12.70443221422795,156.00247763402027,337.8835162934752,363.9060734547219,2.5894694438302928,3.916935519681742,0.06698118812339571,0.5698232444705771
637,1.923052809287788,703.7108661724178,205.3356108348351,370.144234197395,-18.154221400117496,87.9007256779981,278.8719010898674,286.1611058020548,10.092567365836075,5.730860667632802,5.088190462153322,3.641333206572291
638,0.3870818851939446,41.36277556277207,230.5242606501787,262.2884951852098,-22.699974600665218,139.53692008436605,363.9782154332854,418.51300393581585,1.6611521635419573,10.897054436516626,2.6169917040379578,5.327602650929567
639,0.18167590856033833,146.82523968165106,297.78932961099565,292.2260014346323,-3.242940418559197,196.3556353948941,302.09336430861237,303.2377092756126,2.31051344161148,5.553713133363252,1.250710311288327,2.188455831464585
640,1.8022981245617713,106.06167171138378,277.3424500763174,507.74168843565144,-23.507513875285078,98.31521523504009,288.4253386476128,305.1922686490581,3.6926836858192886,7.419566798637829,2.5792569082603714,3.3898379967623886
641,0.46934763249656264,221.61235134926613,242.62265973636454,372.9198570736902,-33.2510607541292,106.55751925825555,331.6526034852991,340.2516035877705,3.6990373129825387,0.7502640397392186,2.9015028104070475,2.983091353415161
643,1.2894883815881095,599.0012348087755,307.51537969855383,885.5818679018855,2.1397566735923412,193.627875949725,285.2464092720911,270.61606428846767,3.2621970839934913,4.140964126549644,1.595046624353133,1.5939862561499731
644,0.7893464008272919,216.86826370203315,196.5060500464821,570.2422970288733,-18.438695173259827,167.89252220527712,307.6287505670024,302.1227957917937,2.289740088856407,3.5918133636119434,0.4173452827215216,1.313840433645546
645,1.5905053016689759,560.6866094606162,248.4986650068969,459.79219836023816,-18.101659932786855,137.25504313790736,304.49300010153905,303.0608377630678,4.907549520099902,3.9885622820373126,3.7347366673066134,3.6898783561329855
646,0.941235565183955,99.0810486385592,215.2515574513214,710.1300811003969,-10.221157085861083,129.08252610308583,314.6344542208603,307.55206971950895,7.220897242515038,12.147472623496437,1.3763117728303231,2.595228644642407
648,0.9615798685683083,97.23967013232436,243.54279363179322,404.89038057415064,-1.9154713031233683,126.68282371408945,343.8941284043198,360.69553095875216,3.903893409572505,8.44829363894046,3.0742421772639115,4.227338678269632
649,1.472688985798873,951.8899423687539,292.0160911129639,455.0709557196001,0.5046205848857888,167.743826548575,308.9459024353912,303.5858768597677,5.061759383563513,1.7794664813545111,1.9510656240018536,0.8603979226218732
650,2.3952614914867896,96.55469941069555,271.1125479088539,351.95720277724814,-2.028976258342148,147.13014065211,251.6054383943179,258.7598158550955,2.8172417261617015,4.047133644852566,3.1591015056656713,3.62659107109826
651,1.863703479867664,172.68916911344877,238.34455812299424,303.35820054254737,-10.364192936345038,151.42356056238253,300.55031039451455,295.07835655356126,5.21679101826905,4.607519002454153,2.2640915701796698,2.4415289383070147
653,1.0849247869457805,396.0072232287081,237.0972476626047,500.01106198238966,-12.81640299767485,164.12669892066015,319.31365794641493,304.23209709250517,5.381491539780265,5.061764799823801,3.0572112086255747,3.2418614242760286
655,0.29846194381381075,1087.4946944251433,249.7999386642504,397.9304761880238,-9.679172318573475,131.18129284436398,359.5596174473993,417.74970406290413,10.253479166999941,4.970831759903973,5.144925322482434,3.9492132986640076
657,0.6320605790934883,385.7245899588683,304.31562492476644,332.28011702635024,-4.5640667016712655,184.95881354518917,332.5749653138368,330.16286265403664,1.0833309009403131,3.1474248676971426,0.9469609248223414,1.9594499165040644
658,0.39375442595086163,654.2823121250842,198.20088657595807,383.06371175793294,-7.274801818742542,150.0330595302939,319.9468270627244,303.468377272619,10.438898798090369,5.987341329532475,4.562310987815936,3.218390408908679
659,0.8181529416332918,619.2213472496617,273.1509436300831,699.5956610944847,-13.890586368931164,130.23701523327574,318.42480979349625,316.4268514754308,5.980445162850959,3.504261469089312,1.6514113242679977,1.3276447392344999
660,0.5863334744249822,869.661402476544,284.79720826646997,893.3876506960357,-15.199179880892917,104.40072783300401,310.2559943805183,309.1078260518446,10.59663786944876,2.9413396467142237,3.6844799299363684,1.7145034033312134
661,2.0670156584319974,2308.222838513677,259.9152845663158,873.6971812638596,1.3085085683301756,114.97147420968864,286.98285153002166,283.45083463104015,6.1736377706494165,5.7143735214171745,0.6556697519820127,0.41396863476986256
662,1.2718507933911414,48.592285746410084,273.0394065778929,294.03933373230643,-21.543117679092223,119.5832320710181,296.3317603967943,330.45760881057646,1.8755957009503068,5.280908015914469,1.1037651095010195,2.725253064525316
665,2.8291327775610506,184.657502353871,263.07761453160043,319.3930765414742,-19.065188610792934,132.4354108313984,228.2451389270479,259.18404720690665,2.571798053713631,3.9658942678334137,1.9982905991678133,2.350293767084788
667,0.8874588133647032,574.2121414476727,253.76578018253434,800.5064674522421,-19.148827960085804,95.17182426137414,325.7008392501088,331.47391328152565,7.400155355183573,4.101091414906894,2.045068118539879,1.679528567055862
670,2.2860216500168558,371.3302561305953,316.20855084375205,570.0856050787567,-15.823967767458562,129.18246550200274,263.4295652679246,275.193147020091,6.7041798400518395,8.31528205920537,3.269663653512951,3.2118334882880943
671,2.183211570076722,271.3480130707069,271.22200589112475,342.5581627079366,-12.22404477641092,151.5752586256207,266.2374049002787,268.35042041498974,4.504560761133473,6.5081266939392615,2.361200443224416,3.1384816272794307
672,2.401000697890937,340.8406309535306,275.27665943218545,319.80211545060547,-10.827721680524842,141.30283287902228,272.00504789168247,273.6186946459493,0.5513209814273203,2.073406923850158,0.2929299827467844,1.5295977010671642
673,2.2086160938438533,833.5143096139844,291.99393262705667,759.9521194048291,-8.97721729425717,115.829861540087,298.4836481558459,291.9584791142104,5.300942250542447,2.9998464282949726,0.7530602218707416,0.30641883279138193
674,2.399596216363186,152.91670014817612,254.7781876382599,468.0634857321588,-9.746606104176632,116.75356903620848,301.7987399043766,297.8406471895357,6.357977929982993,3.997817449349983,4.132805505267569,3.8110751134865843
675,2.9291720753668224,96.80791895059826,277.6830858380579,251.1101551727246,7.654679592696585,232.24490864720042,229.0059706759051,226.96217070477917,1.8350708678365173,4.424472887138035,2.170753722687294,2.728523990229414
677,1.9107289335353848,478.819605027001,287.95293291158293,600.5870310772633,-3.9936247267567992,190.71482001318367,317.1593392729278,301.39486524800304,2.41592606874823,2.970837680450851,0.6632585366753145,1.126454879025481
678,2.596424380864035,372.7900511843206,298.46610142458223,588.1419189033478,-3.7624598771605378,172.10064417290533,243.723638427607,247.58848650657086,9.779322183844045,3.3529312681634136,3.2673285023121643,1.8792708567957317
679,0.8634289503838888,266.211195254924,224.80295214939522,257.1439521704094,-8.822169501838886,163.36523645717975,296.984770338734,299.9351146621936,2.764479478794783,4.392715884158389,2.3222516373967608,2.798670068370582
681,1.9958477998477124,410.77273102021866,310.14085585505927,416.71902531579906,-22.080885145230198,102.28440108420243,275.9667028962295,309.983393438471,2.1878179029619553,10.57314615714897,2.3124330490280856,3.9954652038732412
682,1.7708362151501373,92.59393683603003,248.3528093376871,330.6613611380079,-18.02745649192321,126.71106140631008,280.17811981492616,299.79228938955373,1.0057453983140872,9.248578792010461,1.3292047977949728,3.8265596993431465
684,2.2143926282359083,171.415681488992,263.21192923326726,369.4116581807456,-5.530358756298028,161.4306859495857,256.3601456229217,253.50976444473966,2.611082091382542,0.612958146013006,1.0461325801844157,0.7698506361837374
687,1.8141407541925325,63.15895731880471,337.5412387986353,280.4317661428555,-23.69517924092337,168.77282847467342,248.18467515250342,294.1940808309427,0.3464066341520837,10.755265624649795,1.701535697150437,4.9342970161923985
688,0.7362904774306922,733.2175241391299,274.97145771699047,659.7626592736898,-9.214125576882353,109.73436354548731,318.34227022284034,350.52686780944225,7.313540939352304,8.486359942608184,2.2820571319009866,2.0600646199754085
689,2.74281695405163,350.28162683178914,287.44176747300787,805.7834125306117,-6.917059423308505,156.45576495881508,260.7543352811261,243.99760397900286,9.287258621916047,1.7685826363423143,3.265474871579204,1.8352575437937222
690,0.2623281479117434,1029.8354374410908,298.23115594553747,611.6420219034908,6.234906056073051,225.05314190855196,308.69567236915,307.10384776969363,3.3253609078174167,4.571167219929106,0.06419158559798177,0.8399774319132092
692,1.9415947859955218,504.63086599680656,280.8533104576902,779.2981249863526,-10.664380939574425,85.14824403200711,301.7714182284917,298.3296065792126,10.291386134409008,0.48906484867773425,4.217195826369119,1.9379608007815072
693,2.3782057894903925,1443.1335228509931,237.56668340054716,413.71110688776514,3.635783107364272,165.3717291275919,300.8684725600118,284.43444922025367,6.828595009151613,0.8911777066793309,3.3219257375647837,1.9497225471590025
694,1.7336281129127533,482.417828511947,277.2610572685054,507.982828783244,-12.345345107473076,109.88873663571117,274.7622164701354,290.7851855681816,2.905847112067256,5.527815678589978,2.174315004024176,2.720347087689463
697,0.21334912224935154,278.7824273725351,299.26716884513974,620.3152377621266,-26.48661467271607,141.56239618305068,307.47088625510463,321.4612694149139,3.0148503555543806,3.9481364997358805,1.8930742904273385,2.3111134069157044
698,2.6340343053065514,61.05929741448767,276.3326385621456,285.9421126999812,-3.758402695297338,150.7421548960294,237.9836815020625,272.5425409870781,0.3382366963464345,5.4999820802991986,0.5832270080044004,2.6061438423076115
699,2.3177283187538253,44.139275596866185,292.0532939193463,282.74541703024147,-15.401679135735638,165.1521491409813,273.947649247974,291.87591781164855,0.7971174233885208,6.3289061094780195,1.9405445392621958,3.8803870341312754
701,2.692130943013206,340.0462492803,297.19682306178004,528.7594082364175,-6.631151688310322,170.6226798247558,255.42339084203257,257.4831596318319,4.661540642644482,5.150445763644727,1.9926023089453802,1.9007530987740173
702,0.9307675862799689,315.41869774968836,214.3691267064837,280.81969217154494,-2.857568811643141,161.9030808442568,334.1152311936165,329.5863187141445,6.36198269568546,5.362892380508352,1.2311227814219392,1.2734581918955645
703,1.1966182058391839,436.9408846951262,254.23578207288332,698.3314992098051,-8.65691503336068,134.98516106324874,280.5463212598481,292.1644519999528,6.132648559361827,6.93871822074836,1.249050299828621,1.7974260142379659
704,2.70375584824143,318.4349432945001,291.07626793854035,546.3914772408319,-1.409171461511054,155.00305717528644,258.3190249010386,247.68323194396643,9.620098178742357,3.5006292243357304,3.552606750961945,2.3949908334172303
705,2.2637104946707836,45.99646143728785,279.74832394930195,250.163002321697,-5.048359131071241,162.74301621029323,271.80817607973313,296.2005996500421,0.21215766067456565,9.479148739254768,1.7059748341517555,5.228273009682808
706,1.7746288388767577,457.9523444308554,246.57890901209066,254.11838626541956,-9.773411831623857,186.69971420962588,258.34590375875126,283.9360535211913,0.6550989899637893,4.96410879054869,1.9859684943357467,3.0663213142271415
707,0.02075952341296139,1165.998109102415,258.10921031726843,517.3546716238831,-19.59937163505778,161.73615673652102,389.7506567948233,421.9444398677089,5.449755961548975,3.1216474218327517,2.866968028749884,2.7277061035710046
708,1.3296843280836783,1983.9303476504026,335.51009876511864,816.9741036673507,-27.188769499656367,136.094928015522,277.28998065832843,297.219482856041,5.487841758894467,2.0333185465774095,4.8998384367258625,3.558813800038559
709,2.5655556337409533,511.96174624592356,305.0532185334636,596.678304343164,-10.074228404303245,152.4760343352524,278.21780771502995,285.29825301065483,3.9058559319452884,4.123592804615743,1.2890247492029419,1.5608451728377495
710,1.5601238315830985,359.5637421097739,242.81974243140726,332.3524561784859,2.395103472441704,180.15457381065374,296.20837838801754,276.97553129091415,7.415944729899753,3.8800274899360874,2.731525666619963,1.8345407659725472
711,0.7059069722261735,772.7999350792732,299.8993138894292,890.3905012469721,-15.18612620620484,128.534210690131,317.25956078504475,324.85880780503123,1.6022674104512369,1.8108292494875435,0.2396461365445326,0.6779235574522604
714,1.4885419224023066,62.34497137493548,258.9935007191667,340.955111856146,-12.242723767376162,108.2034900839764,291.6441746713203,293.0643224893383,3.9127189202057115,12.016920967338152,2.913432941572255,4.992012061383377
715,1.5904330124821466,857.9247449615198,250.99783718783146,454.00537112917664,-11.582159001424142,129.01218904778455,252.2867682913104,277.32950457984776,6.313843194797357,10.317144586789723,3.9191030924962664,3.981396410054982
716,0.1381288600525079,323.65078316714835,250.73524656015343,673.31404830018,-11.955170329511304,117.4147317176427,354.3840979624459,458.5269268650793,8.913131905147566,6.807639465703119,2.844008199988559,2.32070591964236
717,1.9424510319512127,1208.6826029794156,227.57792436691352,685.4478565539089,-5.150331542509203,102.1805695139766,295.4062512120291,278.82422561837524,10.88347295085467,1.0857143887329181,3.8123583771455873,0.6303105833282114
718,2.9083230370849544,280.9512115781243,277.14758598118135,715.8605825780392,-5.054256899641878,139.48645475254216,246.77135667595616,251.05737545459317,1.8717833123341379,1.0239094082183735,0.010190934121199646,0.39236694540919315
719,0.6481254416870423,97.65389750778172,301.31085288335134,693.1725369302695,-17.48261221547196,150.765211290702,288.2319580078447,298.3246379845972,6.751022748428339,10.283063711007838,3.8555624888008304,4.465524779389087
720,0.18700188195310297,56.22383841744676,228.74041006437696,253.3522676807726,-27.674387176769688,135.21845739596301,358.97996012129977,375.8418415097008,6.547901957706523,3.850293146555776,2.140976603254892,2.2807762981874076
721,0.32525918415858435,132.53707293195004,237.57547826743263,733.6611268519907,-3.5585909204542254,164.51199677543016,318.2349818167882,322.93271330945294,2.393956044514177,6.627949978177359,1.068967219198351,2.7141582322664637
722,2.2319835571376894,945.6183377405015,312.9892440201885,805.6157610875057,-1.1168291021578192,169.2214376113716,293.62999737510063,291.9095793274749,3.914116079201542,3.900658389867374,2.91814299233878,3.0023735790318056
723,1.0450047497700465,185.93979116133843,267.1253264609844,483.02487862328894,1.1799468823784132,187.03833257915153,334.04311318406735,311.74933833270563,6.638379732814782,4.323853881124451,1.3380253629160004,1.454677586334472
724,0.0642998601205842,192.84722479100031,231.1780578312255,696.7753473034237,-22.49787614448703,123.92960373193635,383.03926577777185,393.63115183022353,5.095354732538792,2.665291255017313,3.1119120717008,2.806773601829785
725,0.4321874952991829,184.40462945440783,283.90633134246815,755.6676402034312,-25.758498169218953,110.78924034206204,317.2339980396211,324.48179141305076,6.8210328175672075,7.3102012591523255,4.956004409820222,5.17155025627674
726,2.5248341195440185,194.93941421107124,281.6203104156409,327.4618931416052,-14.126374974860969,163.85663937210455,248.04058001134086,274.27674343725124,0.37122691768913496,5.132449537990603,0.11052994805527705,1.9767904758564638
728,0.6339214110491378,99.41025307722356,226.16561252229238,588.721452916292,-0.03579246123019075,172.80003171887768,327.63930364332646,321.8385977114671,0.9099197121216487,6.237344995471579,0.24448169943002496,2.16069113764978
729,2.9475086921880767,82.46125325696687,308.44257582738385,286.0274783266306,-6.904459010010697,168.65025084516645,228.74191132180857,258.96770095145536,0.4161614666494797,3.0965949526278567,0.11236142592890097,1.785021276500736
730,1.4928133678694584,238.63326040575205,223.1659056704563,298.8654664500256,-15.542809936613011,113.64744045263834,300.6667494001764,303.91927611768136,6.813170192934688,8.313182896561344,4.268454793666774,5.0637692717663665
732,2.361990877366493,97.20207966956428,315.4195812936843,324.82956853120305,-9.885191003602145,193.99334575818762,268.47192991852233,269.074846690979,2.4528418493832795,3.580012215154039,0.8056671764273031,1.0562530157141843
734,1.1416451489062602,737.9504004357298,281.55215298154104,734.3254363961041,-12.136882239880826,140.7803820894618,306.01755585244376,312.9170771346928,4.561330525774633,3.8517280778421736,1.8609415789674753,1.727778970270811
737,0.8095844700355066,595.5789551207204,245.17998295441024,314.723294818192,-7.403085360544797,118.3964329555919,282.9533579111974,297.26095898215476,3.176752421368588,9.026307860796233,2.4772631857810232,3.5670819466122463
738,1.0615688203260518,526.5254760327002,299.0086467867175,575.0658159474444,-4.368073492300333,204.86605022783652,296.523216469722,294.3514579915026,8.586557601169787,8.757629983646492,3.97099223751471,3.600892789841608
739,1.3552003767683547,101.06593231010532,162.6554431095848,252.02628597033888,-4.717266168073895,130.82449939870483,286.8716558061473,296.22329676587185,2.1624891717206096,7.737408737177809,0.9190189022113082,2.3644889569844816
741,2.926739470255824,71.238764282881,293.2169147334573,372.14002732700965,-15.729436538495847,107.73892085978962,227.32282583907676,249.02450113070893,4.803379350165361,7.4014290174914645,2.777895066500539,3.4596381398842437
742,1.413934493697085,81.25827214718225,287.7402333204774,304.95820039279636,-6.1376157668967934,193.3790820241768,291.43593154555015,302.3834972292198,1.4190204362350545,9.258498217214758,0.7559145643774623,2.9482805610131777
743,0.7306219213948162,279.40307466953686,304.620953180833,578.7263677007961,-29.81308813440439,103.9847263291091,328.5674549514407,343.23856835368815,9.778021604886707,8.93205898325844,4.963738510261836,4.5996431882570885
744,2.825483695597673,597.6066677145052,290.1437656527539,312.58649825612736,-7.7335437792072526,174.09126161710972,259.6754631533309,272.9476146312319,3.1726199789620235,4.022632794108065,2.2299162187871975,2.2789468947695064
745,0.46798712287738997,1552.9882232320258,259.9261044019298,861.7124696023957,-11.399337736544766,139.2203231599134,354.97522194391905,340.267407072946,9.725881477782995,0.17092337368033306,2.8084659739150606,0.40673533295097597
746,2.6847425657492106,294.69350401445183,228.74208584784594,316.08769179151886,-5.577815905777843,137.18049271968377,238.7819476127082,251.93551134662368,3.281823536833032,5.343701684510046,1.9453827889851747,2.3934797204931395
747,1.9736865182472834,64.94042508109851,262.168506549418,384.4464748833162,-12.458738434321859,108.84067597109215,306.86032316913895,334.58481345943136,3.234268340999483,11.75661729289192,2.837136446863247,4.501770114791256
748,1.7382595057456616,271.0613530288445,261.17885452933626,589.3758908862403,-7.012563428580769,144.25730285165736,321.2736648290661,321.8183371312098,2.7119763713715077,6.8488572210669645,1.1173382413042159,2.1456775400447134
749,0.6810592369330459,155.96029236219584,167.9722938349799,273.315955824128,-30.337129543017394,129.69950301071069,364.5373908678521,374.02732762769176,3.650323819780306,1.9062832148213489,1.7136230800138104,2.1178058810628593
750,0.5391134616161488,654.086398798881,280.9665824241358,458.07942278036586,-3.9292292013845476,202.5986165409824,366.8796008056214,364.2816766730755,5.021502974619767,1.0852469483389875,2.4492074141137006,1.5484154610667602
751,2.98304216244724,287.7855020487003,283.61746845582786,286.0664706757113,7.596348478884973,212.96076773937654,224.2105721594287,228.17980970143094,2.7399647835899286,3.840703123509769,0.8301285947070987,1.379736984899192
752,1.5429617943536096,569.1397318995996,288.2628983452198,597.2043304734349,-16.333841216152205,139.5017769630661,277.9306249505442,281.3463362443566,6.038826390165015,1.544302792338684,2.706318534490155,1.8512063123513371
753,0.592200641336353,1083.797953214239,292.160561117198,713.6668428220415,-13.344253040518197,171.07079928282093,285.93725421194665,299.3455539146376,3.180669370291602,2.3984673406842925,0.8000287351439432,0.5735385747863302
754,1.1359365034838405,361.6008023044558,304.8972585952317,469.4121494446287,-5.7472370571877995,197.27286197133552,306.8215470649325,296.4976282819519,5.9741280325875605,3.4126259318395045,1.0661394808614717,0.9680019809910412
755,1.6077487716452676,117.27687576848041,280.8670967049111,458.85919066957365,-8.800420912762235,185.35904741652948,302.6109672280763,303.08271555600413,2.9698314217027986,3.8678279032869254,1.9548700291823282,2.313527696063998
757,0.994983107650302,336.3726104125378,179.3220620174007,286.20579690389457,-34.99587266059496,92.99960758198061,329.4053669172759,400.0162919290569,1.8746289745648381,3.6663317162943763,0.6269618272237307,1.4224952513423863
758,2.719673273569807,97.80620824463858,275.97113982982916,279.60700530702576,2.0392033692787948,151.33650946819637,249.60564588875593,277.0066287035932,0.6011421925801543,9.014068900180105,1.1506080085189325,3.566330463287901
759,0.3473697340196469,211.43972906790486,241.56435977386386,620.1291534225717,-30.156768755404393,137.3960850369608,380.5879561922183,431.97120008906734,1.752873377470329,0.4213983406276327,1.1435298843668502,1.8901169450143769
761,1.5509481591215692,422.3869163917186,301.04326448769285,746.8066324163033,-1.6572793805162256,148.83772863749945,295.8613132189146,295.0391890830974,8.446249648205868,6.979057226826246,3.6371251368040687,3.060228522161456
762,2.2699369619773666,67.27587930196592,221.3725839440526,276.0416543803702,-3.288800085170589,153.00933551438996,275.4770819079293,280.61786736466235,1.9125220761319506,10.442080737736454,2.32783763475959,4.424216257181907
763,1.5284406843542557,412.14077548716756,230.17466612121922,567.9251573815792,-14.729273437626702,124.87706493824703,315.17570975437934,301.76964109120047,1.7723426998286622,0.38379348261400015,0.7390376675102117,0.8894558883331525
764,1.177679868558776,670.4846204043118,282.587149645318,525.8995793670792,-13.929164972829398,162.801583313347,289.57971706552775,281.0885018617646,5.795478940639424,2.831540027647369,4.068525824504388,3.440255706817327
765,2.401014695191557,112.73365639285657,276.50644196739825,365.9923483144099,-10.813892617896972,147.27602043336242,296.38230465653356,291.73956985470693,6.100220664853329,6.489432832718495,2.2662344436969604,2.1646225561739225
766,0.4432989877663771,112.86772452331815,325.8429462265813,869.3366106535639,-10.097778266572437,188.74669719669677,318.7872838743182,312.5682120488317,7.947463258407888,7.873329012336264,3.2104498856556973,3.2486990387734007
768,0.3901246496528139,1213.7661421629696,278.58930026516947,457.2067822129858,-15.22465367995748,148.77394428952914,317.85173397646554,325.1785541351146,7.761393795556518,6.901200660167767,3.680248017323508,3.2103801542604447
770,0.20702091179787185,337.1424362126836,241.68388363260848,368.571470829141,-8.385690409177062,174.06644827247646,315.5699007636264,305.1579289573767,5.656648402525966,4.739484720603154,2.6415774588715872,3.07747975937961
771,2.3701208212991416,499.2904099558895,210.56538699450329,250.27662381886475,-4.2507992903972,156.79556993668618,273.976736619883,292.19139266523194,0.9104125836758685,7.9145712546867895,2.144132344421786,3.842360667775925
772,2.1683772205648477,760.4543115740273,336.07754927098597,444.80649577144777,-2.4860592121328295,217.42927037211786,289.1835036986503,292.81454548464257,0.5307142596901082,3.1876060724166386,2.5329692504547037,3.265347918667134
773,1.3772908963210733,203.72182266975537,324.7946428168718,583.7158018901525,-7.7188845724670685,164.5712599222959,272.6760126236809,285.155146653532,3.6692356221962665,3.5016044126067363,2.450216391339754,2.5557861794783117
774,1.3948591098330336,1872.6026711614375,248.61782551760137,645.5734620697853,-2.272855720032272,139.69857014408663,278.5235349622269,279.58819350093,6.38344408866243,4.545001769002408,2.421976508500065,1.5317185512132692
775,0.6552382652894777,671.8438071493437,302.0474859785314,768.2398052662618,-6.342263652179803,196.49297026186866,327.0611574807198,363.12355119097043,1.5035378971486395,4.589903444521433,1.7901554983166594,2.405910293082734
776,0.21244531063777572,388.2961064541558,259.0394548771834,289.9735138911386,-8.607745403915974,178.9119912626993,333.80784731959886,338.4643258357836,7.269965772355178,6.333663594036347,3.092989932760817,2.658264289928668
778,0.4685537374769364,595.9078587335713,201.6270816276875,432.5838675230123,-9.586401998120468,120.31711950205974,334.6210168021112,346.6139316255177,5.551041898966373,5.50121269820102,2.8179190103885543,3.0742086719911237
779,1.5768813334973315,86.33005489940501,233.7558209979401,415.67483747468896,-10.758701246132762,130.35049123573856,318.65041135105855,310.6463678490563,7.818502194370074,5.836670754909391,1.7188844926661395,1.6377206441929304
781,1.8086557143393132,483.7271849885591,268.8754070922208,591.3592215464312,6.8614319885221065,164.52451872175544,282.37218595784134,268.67228828071694,7.366617474776955,7.30191320054097,1.9144785093959644,1.6753195735913078
782,2.7934022236411185,334.8295820415947,318.4124471851702,768.34935563561,-13.931482437039193,117.54327147471139,252.04561366087765,270.35479285447724,3.4897708581842757,3.418172224046055,2.4458950101369057,2.5043389646303176
783,1.8085948876680502,114.83290022060794,275.36610975935275,426.40530771712656,-22.748982178094828,140.76549466766474,309.7328722844677,302.4691032580425,7.486333870533363,6.3532111107309825,3.1858178980888296,3.0912732455930585
784,1.3608782448206043,464.2579472026652,310.9931515048367,769.5192032453708,-8.769612280796366,212.48200533095476,293.0729561608942,286.0933769065869,5.591347531468464,1.5276865169311522,1.908990248261832,1.0885374696088976
785,1.78672604457872,436.93638994175194,303.8986761090041,410.4252928991753,-19.071013820777658,157.21826634768215,303.8174764532309,328.78525235808934,4.517012367816073,5.843739686359909,1.7551867303963626,1.7694664487868381
786,1.189534085140406,223.4597737606122,268.77744450142643,254.61924094122094,-5.066511801794533,179.78005688447365,303.39526729897864,315.5143004385152,0.3425402979048533,6.777191169329576,0.1707303970976497,2.563459586854176
787,0.6706989588023302,91.30777107403622,220.98546419743016,287.7344004691244,-8.824182070849051,115.95026436211678,326.43494126438475,359.6242903809307,6.8286365991162965,13.52674160283243,3.8215965450260594,4.95028058955908
788,0.4249055956918011,197.38485337397,258.8782952978748,445.68436076168524,-14.939151228564373,148.76046110845772,319.5648212756149,342.2860356808496,2.156713466558207,3.8656931288060203,1.6426931687010748,1.9559438044297712
789,2.8434465931512314,124.80198923248878,226.24255770921286,330.1277450659675,-8.545709869878468,131.86172470210886,270.1592016008465,270.52631580581794,7.547006325009322,3.9175780540304554,0.7888541533745157,0.3750771511827309
790,1.8557917701014692,355.81806951807556,245.51867420227944,583.1650879698964,-0.525479847115502,108.07475944002532,300.1441608197866,298.77161243568077,9.146728902221003,8.911157597889074,3.5022817993429083,3.2167431532951025
791,2.2564948838426235,393.8126562502373,328.52214700431836,693.8563611901396,-2.685844711600236,183.65505812416598,294.0722659781784,297.62936126413365,2.962222692645023,5.486788528257565,3.0954839476314273,3.4224831872899584
792,0.1788773097580254,402.41168467048357,259.7776973599664,875.7530415772464,-21.333441915375584,122.92593049671052,355.7223099546532,356.26821333115976,10.531504414496101,4.67869688947676,2.609416181011393,0.7858305339302205
793,0.14418618618383494,1152.4353793314335,309.7110533433268,919.5321225331654,-11.058416400517661,116.96243638362526,399.36281716949145,459.2628274955687,4.739731372501867,4.0089538780913365,2.874985894940166,2.8917257687892293
794,2.034454726153542,563.8770700707545,193.5956259290872,289.40183311989324,-12.60260320311513,121.00689285381205,296.9547749750283,292.56811522258704,3.9792673651768076,4.302783599786315,1.0821774273973357,1.3113028798243058
795,0.6349107697245198,145.9524791233664,291.8972191374284,300.4638405738872,-14.062201242286854,151.5441687260888,301.4946546213168,325.87526191582066,0.6367172889968753,5.1729187215980375,1.8001573694910125,3.5393965706226163
796,1.7432528952498298,335.6611044176299,219.19233754668346,534.8734308516749,-13.01608421118269,84.32509263572162,281.0884571376773,290.70715432348516,8.844476299135422,6.326959989691876,2.1561005539457962,1.7768667235687992
797,0.6529951800827263,311.9148395440619,325.34979900075587,522.7711720347595,-24.300782903224025,139.39306465898557,278.131566823556,295.77396024979953,5.145757732911598,4.647931014515587,3.822198016450126,3.503035543001224
798,2.560364603694595,182.16613147623335,340.23378110644285,498.43777145508795,-6.840728849594555,206.48235714449052,223.71037073217067,242.12827978485015,4.646275809341708,0.5116280743940012,2.9507634651759678,2.220943156234774
801,2.228219881802905,70.98672633485813,255.33821967113872,251.99796340686757,-17.64337528203468,148.3363175937721,245.08026530378646,271.5042660674509,1.4007639990629737,8.030172715944646,3.0692990945532763,5.1746633445661265
803,1.538381804609053,1471.2768331879195,274.8972386422438,779.1211744658777,1.634856985590627,159.39953383792184,292.6169940301801,286.92630874224176,8.433809880474797,2.5323688376057145,2.1793882165045178,0.6632719500950326
804,1.002191180207594,217.36618317469822,265.77957546181267,740.4120445678591,-11.023816108098092,119.04803869455989,300.02201674543045,317.5616731856515,1.0885207998793134,3.8265410516465708,0.7040152478041362,1.7919728450231949
805,1.8445841129087914,578.8056971765373,279.9021419654099,641.8542837872182,-5.586168800155562,139.5580951862498,284.70744185700477,293.33164699897355,5.735728126840959,7.037187828591815,1.71428658071319,1.9286719486063046
806,2.681795529563009,62.207406113527895,219.25199594782362,294.5666114403265,-6.09941142116595,101.90471314252217,223.95706124853496,264.27275808046164,0.8527927359537477,10.286188164416906,0.3147965144296889,2.567286120255207
807,1.7840109626278036,744.1972782599776,309.40994703289255,865.8124166015368,2.6568886021449245,212.76404825510147,269.4658313835872,253.81930484861329,6.9524323823209375,4.267321760917787,3.889161609827547,3.019580587291096
808,0.5340234848599814,450.5250598042984,267.02535421777475,546.209056333864,-2.7508848767588923,189.16229225801902,311.9136973247756,326.7606893762598,1.5052594627241618,3.606004800510381,0.6273068875928136,1.5982166172106989
810,1.821494987223984,569.5967905013541,262.63859881541816,366.13454958187504,-7.981211267133652,165.15593802071623,281.89045506026156,280.33306661994743,5.244562237060471,5.136788420836653,1.3604964646217144,1.6528835060446947
811,0.2940161014371312,120.0701645986461,218.72559794230665,254.62593113112592,-19.474844462464365,123.19019513778646,341.71196637885794,374.35921698620905,1.066741779437769,6.536318968918877,1.59454496181697,3.680776077845242
812,0.8182744448194068,686.3121111271462,286.27128053776056,651.5840607109383,-1.4066189862889011,162.14276976543533,326.8557555207872,328.9393049772538,6.862776482385205,6.480123968176379,1.769812909915745,1.8726016467603288
813,0.8588324987577844,281.20055830365567,205.66983727735322,281.16942282049365,-3.999416856242366,145.64941494846653,314.65442984347465,315.34867708238875,6.814970476365298,5.586671955043679,2.904638230278054,2.754628253214874
814,2.347677071656304,135.38984353807302,235.88529928592118,325.21736416787905,0.6176794670868624,99.01460102793982,275.912651092617,276.2815295624265,10.949294401240516,12.308380286511763,7.265740449609368,6.3621022653944
815,2.4318802337697454,1174.1528139725244,294.5409138155276,620.8866676496513,3.2681223678572557,133.91704935377953,275.00227750526267,279.90012070593485,8.172673123948899,2.6258099897835936,2.70311868817065,1.23318339258985
816,2.0005441525956686,137.02917945155957,231.95925424277644,439.11321328390727,-18.634926878796474,123.343055047758,264.17787747749065,287.3686691369048,5.410795286211195,8.510255948597163,2.9163132273667953,3.2511928209924417
817,1.6272835372127608,113.22744529222098,131.12048685203857,268.79726611317994,-11.700223001618486,108.42832843442675,305.8561086815514,302.1307536768209,7.868565051258553,8.757954770797017,2.1155595751647818,2.5335763495253
818,1.6170606240205627,305.3003971105989,296.4874769968703,585.9280154091255,-14.686667318900746,120.6357427589916,275.49398453249046,274.4143506067514,7.6362084654994025,6.070025920956218,3.0692292314014424,2.653542553792816
819,1.5017947150787907,469.7430195397808,228.46354231533482,378.97849844157605,-3.24424189394664,153.8527074268216,312.76588966104123,297.6873935422329,4.0806939924359655,6.541183495687053,4.1636561482431365,4.687949117628328
820,2.3728930567026985,1171.8057758055338,317.88869339594225,575.8010837945168,2.881629218291426,205.43232022119165,276.5596416310687,271.79456629706175,4.627623361320941,2.528800457096628,1.906525343649725,1.2902851013490935
821,1.8582521398606808,209.17152093956216,219.56674265923488,367.4231372217379,-7.191485597913676,112.58283509005993,309.7395051389395,305.93553621727034,5.721601773842324,4.949001014279937,3.6188668595735285,3.3834484638321203
822,1.6382988535155079,395.4750827426152,269.31456145714435,378.5675783819372,-17.362664760749222,163.52425720852844,292.72910692892975,301.5396918811099,3.5706738625670953,5.584672137840336,1.7767638853718073,2.2687046843506375
824,1.4874936827185545,93.76293503307306,207.3144281621764,261.51287749472203,-18.785747055399682,124.1459759511757,284.8677841832989,310.0499078550165,1.9836579009613517,6.827725729486007,0.7557616332436139,2.3036102926665496
825,1.515690586394341,487.84159447478737,288.9507570696387,586.4213853509112,-14.011579386765245,148.47263597541445,328.4112863908192,322.7469185349269,6.549613823502267,1.0975581352425134,4.770268787832126,3.9537481838988837
826,2.2119754617559395,493.07130622756154,322.1635806404425,443.46169990606495,-16.0317334271204,172.13712279895952,281.4359650618685,286.1699790992078,1.5564365448383901,1.4180851496174545,0.907233748856006,1.5020320134115523
827,1.325225425718982,142.7429343240695,290.8752638443074,503.7660847718416,-11.55665653868752,157.36883111988098,278.69663051738496,287.8221186180682,5.47958554221685,8.244239059682922,2.93617701992569,3.6031184106628573
828,0.6164772842551902,1320.3111730929172,302.12088458518787,853.299818058237,6.8107470421315774,161.76068329375585,320.4808727203455,297.91302393857654,4.571693492238664,5.921624849036321,3.278101738842036,3.488919337409239
830,2.255700225491063,62.38777920363293,310.2372222152169,328.1772885265931,-12.525804739402737,172.49703114574925,260.198239948006,278.662917447171,0.38039299218291767,6.776937979184446,0.7089490799315386,3.1997665412051743
831,0.18909669765614545,313.32583060927726,298.66203373300823,376.77824947630415,-29.007228684318527,183.91699868171816,326.2062698763003,367.8263946530119,2.5070318381128542,2.7968714841536766,0.9591794859369069,1.3905780822652958
832,1.9361473017009068,311.7728054150857,262.2556674459489,274.552916887774,5.725456301946075,202.65248217456403,252.2676584025861,264.2090530671011,1.9937452715933421,5.162781710772825,2.1940336706864065,3.2839579730539605
834,2.5399557627451768,931.2112790974036,256.46124284520295,377.4143037493675,-5.255818686054425,149.1075325962642,272.55834927938326,275.62846837796627,2.6486218313812904,1.118222398459297,0.1439743561147555,0.3785414858491962
836,1.6932843936932356,332.22036614966663,275.4835337134809,409.36190910458697,-1.3405501173702916,135.2916885041409,300.5717037497403,294.95469721266846,8.080528245725402,6.3913059333729985,5.052675254811814,4.743512437512971
837,2.2542093906959564,112.10835107406353,314.33433297980093,424.93013206944937,-7.902022996553413,155.27973760626747,273.9312359402529,281.1711882727763,2.8069903875790683,4.54925895490119,0.7292377527836842,1.4777756920667373
838,1.8434707022087287,73.33869868970334,263.1038727361529,252.0642337633597,-0.7081125773442132,156.92659671393676,298.7003225522976,314.5356570737551,0.5065341359847619,9.547168811953064,1.7283376856721775,4.608749391553656
839,0.7779538641653376,366.913519147089,298.7407704455958,409.99867767615086,-7.90138322039164,167.39986251289235,292.6177556543456,305.7936326878807,2.3480578592797983,7.779858378181958,2.8656308741853813,3.9256810469910652
840,0.656297904778409,77.75448080641797,197.5901783093958,372.4505326876247,-39.525670030532574,97.4762063305975,334.3072524934059,356.0777904279205,6.540877795626043,9.301625833265472,2.84057599131812,3.504895059541419
842,2.6050752709469007,84.16713478315182,291.30913317845943,400.2910932330786,-1.6562930804112597,144.57905916500349,279.557274235145,290.57424099280195,1.1685746569416238,6.881927404828386,0.6213002592954915,2.355724603234748
843,0.4952753867800679,703.1230271059529,326.5764096935701,554.4024635820178,-21.176983737406267,195.9503301678071,297.2992431101614,309.4167312733294,3.1419622212574208,5.536511927482943,3.7987159527407384,3.7137348089956443
844,0.8292386000064016,81.90620308419085,247.51863946040118,252.67414701791077,-3.0965196547923135,155.80541257906683,292.5132940520401,307.1839722301122,4.360085590823713,9.170988184124589,1.8082109183569555,2.6695076782127414
845,1.4780005334468178,580.9191790366717,324.5636007286571,661.4753374259963,-2.9971487805017816,168.26403419301482,290.93889289244817,298.3575381861023,6.390178653495663,6.619390551223806,2.04833671341769,1.7262019872906644
846,2.6735911400306165,120.50767827472413,223.68284002762283,251.57752439891212,-6.174351542569223,108.61320521286046,264.82050816353603,282.5636191547342,2.639410747420973,6.806535911607845,1.9738864750350402,3.040826016739307
850,0.7445018083062784,744.2007627164278,255.6581554172418,646.8039530574713,-12.166457206956593,147.7186741270128,292.4795302546482,299.4350435221465,2.1095871818925818,6.496613553804016,1.1560641081658738,2.3461465029403183
851,0.9147093101365176,540.0185267221904,285.69274297889876,301.0278251293215,-11.395802794027734,180.13715663321756,309.4961710144822,288.4353317774303,7.860956284155037,2.3529989065312455,5.903451087755461,5.106095623179115
852,0.24980253979863054,1631.6339634289375,262.53841941537416,512.5053959951922,-13.461851869236767,139.2108451574244,323.24708667462744,310.38695174456853,9.059260607786026,3.216663008188079,3.4001470799008877,2.0773605780901034
853,0.8854874286213015,195.81536075956106,295.3388644513205,650.3208532944901,-26.774235625165588,126.09863420137802,310.2565826678175,300.6924986936027,8.238850091014466,4.199134829595185,4.973949846593608,4.481726333443857
854,0.9232407652401751,428.6993692447215,261.2199950319571,479.32606771348793,-25.217853514078374,134.52889668919718,295.2881351300201,295.27323866995323,7.131845678987532,4.509458993905932,3.3479315763635724,2.855402533059969
855,1.3662226926957943,503.76006546699114,304.67984188289324,683.9862299975663,-13.525103380469652,169.3482267143554,305.5496316245428,306.95577263424553,2.9337551111985354,3.2257167547287935,1.2210044919882965,1.3690591175762166
856,0.3083314741267511,898.1087569890841,269.4778638452534,862.6301657520405,-16.75125366785016,110.39152815005744,359.2250286128,389.7023314205781,9.294709370795388,2.817160336110301,4.017090430047652,2.507316630284903
857,1.307172691600726,471.3906479884363,273.17662877106477,335.2006498474562,-10.719814410870168,161.04430362972064,289.7694719318394,293.61451732540604,7.596554563277685,4.893073511407641,2.0449811156191338,1.366254107148716
859,1.1939750136573584,284.08269561892166,283.8206766929152,752.2858572595156,-0.7125492462567706,162.62542533634996,291.7423946699988,294.8361038686885,4.843703382488745,3.1420261552158086,1.4659010199265279,1.5857785173375323
860,1.3463186595569243,417.86167540631493,265.8638413643062,370.14803004412477,-13.775867854071144,175.10737466454287,323.2904431922537,312.6474543019533,2.498800568019967,0.4908931649452821,1.5259749141963974,1.4676439247508009
861,0.04403621654255341,368.1290455648564,226.74765597959146,622.6613067821837,-12.709390802486347,109.6075394165911,351.1438472044895,373.18132159486305,7.92516436472372,9.246360144217563,2.0803381624071138,2.2549571609648753
862,0.9227885012711585,172.84348291790474,242.4751311602459,322.98646602267286,-31.094338134215374,119.51408549070763,285.61366501856344,309.5348793539886,2.564629262359448,5.655309234931137,1.280726259775052,2.730743633294116
863,1.5278110301220038,93.25383763114138,222.73684465371076,250.81245255582897,-17.650629487217895,133.40712714296086,289.54263055468107,298.9844351156112,4.3623278845945554,11.506667427552022,2.9915820222169502,4.781841023596395
865,0.09739768083789624,671.2618925996436,247.53787623074288,855.397493029935,-19.68231102192936,133.31539492817228,418.9043079428325,358.135380285944,10.866306271327478,3.538933810790094,4.113850622994577,2.3552284957425895
866,0.2182259870811687,272.1745039359473,229.05378924137548,516.0014534146717,-10.92573717396741,153.85492520566774,324.1669047416257,360.3313064308572,4.545157271837296,10.1823581466799,1.172435865431654,2.3617739046595365
867,1.4722422868966083,702.9330513421058,328.6064140349491,618.9860812647593,-7.908842459988428,183.96983537745933,288.71283905714864,297.6012129944244,2.3395152999940088,2.941427774199465,1.624359456354744,1.7619117883321183
868,0.4436495412689996,419.5734145714024,280.6309814872023,520.3195317952325,-22.81568257375655,138.3030647803222,345.35128469540774,400.00694549346827,2.9376957634769743,5.083132932243266,1.7597408624490547,2.3401324289390657
869,1.153982655768334,176.23750974709628,244.88385094443152,280.7168500094159,-20.809758546978347,94.96737912047305,298.2755303021201,333.3624233971086,5.1716076265249225,8.637866340980583,3.4116401032515915,3.9763268258653683
870,1.5384317172600954,288.760526762208,279.2802498758589,336.5079090018148,-9.08256681965291,170.35223089305396,273.5174127175862,289.54934957196764,1.9491494067891733,7.809695655165669,2.0851074371059917,3.327849013454946
871,0.710114026801175,998.2428745836633,310.8342233178562,921.9894685913173,0.6922224811408384,122.35387215738537,333.30182202358725,331.20752407710313,8.44478199335106,6.419354568212708,2.698834992229505,1.8940968751863174
872,2.1913718082188387,199.5433362786076,299.8608967570665,513.0227192937791,-16.735882958509745,117.02990193831454,253.95380819869365,279.6457328382021,2.446429478532422,7.875667987603542,2.899230341891207,3.866542480326145
874,2.7321460344249253,204.71582870765,273.51282341033004,258.30501557433627,-1.130147897293412,153.24886343657977,237.38291434076416,263.35179929330775,6.717337054293445,7.667111108570432,2.641577825737718,2.6450345513573468
875,0.05175732107848674,953.8757939568206,264.53115153272324,847.332487664044,-20.75538761055169,146.97860607249999,350.58036976962825,351.0164944719887,6.951775904089812,3.4590605498055123,1.3483702780519424,0.7774662879955205
876,2.5851757444277736,47.16186841806598,237.5330248033022,312.7362871310595,-4.4376751892423805,95.36150678561695,295.17812202885483,291.700336736546,4.257902032466041,9.187228699491552,1.3495146620401097,2.7769048121006237
877,1.1861181445328888,670.3779503997612,296.2946712694346,445.5746149779017,-11.36950769496897,175.28584807558173,302.88608868812435,299.53599653047,2.4526336071389654,6.7786109406769945,3.117773320026435,4.010070392941087
878,1.4050201905301138,435.522042306698,178.01913791113694,363.6089122082718,-20.305751120791538,88.10585039623265,273.5092982330491,284.30859330246454,10.718481072814154,12.04742555253203,4.203926406596177,3.748797533417112
879,1.23856934891079,1178.3196082994182,260.3624781496343,339.09863431621557,0.8649234212727386,206.2403826098392,280.50350392657856,273.851891753771,7.15300379335788,3.2893376416275304,2.7072966500635602,2.04597765746676
880,2.2485223365042226,692.4353515768581,325.1969380706672,403.5729358197856,-20.183140768647405,186.42909744304544,292.9386518796961,291.8169485907401,0.8994698279544435,0.6755767407720263,2.64275695716774,3.094256493416525
881,2.9328292875032025,852.905005076475,302.1838254241641,431.39621418316244,-5.768987437452502,170.46365745045784,250.7964188620634,254.935974144898,5.141359900243502,4.944283485270673,2.7822051765014786,2.04133355972849
882,2.5703766247989597,62.333672972420686,257.99392611015,257.7314523652636,-13.903419462974842,158.75856620835756,261.35893607924567,282.8650387002773,0.8610274530292616,7.167909272040036,0.875230311377436,2.957270863715679
883,0.46723474643844254,445.87912112365143,305.3939949491191,584.4531120153125,-23.346094986237738,159.62249562585657,296.4435799185185,304.5178306147723,5.123366272288011,1.79960074236639,2.1056781003226477,1.4593732858100357
884,0.9336143626786404,157.1344737569683,264.2277764480016,379.3529786095217,-30.116679545344542,114.72604747729504,305.9103137057841,327.4280227147609,3.9039490511464834,5.038854360481274,3.7178846723092303,3.736047135893763
885,2.4351093816442924,577.2340716318008,278.51960433146576,640.5870092080736,-25.496642594698624,154.88561396879604,267.4366582361849,285.3662147192802,1.2011186117986195,2.1653760044646186,1.6442788840626,2.128339383918269
886,1.6520227627280324,55.516296072362536,224.4260246645776,250.48146122464482,-2.6173461305678813,174.38202721197507,281.4912047278343,292.3737895774256,2.8209580261983636,7.741738899806564,2.0690975678463066,3.4051720044639047
888,0.08417164400033972,189.41132128674784,244.47846436943928,361.30958367139135,-23.27005706685055,168.429603483054,334.0259952339684,397.7251231243268,1.8115671251517949,8.83466845761971,2.3239428281936467,4.436530816260636
889,1.5126872625095606,74.62835871509571,221.05989950788336,273.5421800196449,-10.596162518405432,161.5369352504597,300.2949249518819,294.6182149371859,5.0607360713058664,5.076789261442812,1.2620158974427143,1.8346739076504148
890,2.513557248907675,152.92179321786784,247.76353377862102,359.3542047571882,-4.311522522097366,153.75371808906513,260.5466026074817,252.95693737197777,7.737989372333887,3.1627862699494016,1.6146552237376286,0.977698578815325
891,0.18936342808030515,456.1282557080399,285.70671333174573,717.8753056467225,-18.987218596939215,165.98533864420673,329.9133258727371,379.58275004659333,2.004391889155896,10.605954178278292,1.081888956800733,3.325712071522554
892,0.788931069921162,260.95529151420476,264.7042751941616,262.06703918520054,-2.4806873384728156,135.09999117429948,316.9332472552122,326.43343255291114,2.1848523508528346,5.463122029837742,2.966090619865475,3.7067230700871443
895,0.5460431054442982,626.0664422451732,317.83468167449473,459.1325022470226,-20.820661324937912,152.86171945121475,308.0231830529893,338.43127592306814,6.536940347640751,6.729438392061897,3.4913138605900222,3.6142284040255674
897,1.5265848770549457,1484.6126562015638,299.94046168494907,946.4334674732925,-16.031953241818755,85.11513241986049,307.13594264004405,315.5359494127275,10.445124973535961,5.56462730678552,6.170475065336072,4.335163989572905
898,2.894652349499698,89.35941944574256,243.23009569203177,266.9998892119539,-0.9742938146913183,184.43400295720926,247.99802515731298,251.88287026332327,2.798653937199398,2.0638881030633027,1.3189996909851616,1.423417751969883
900,2.1714919797777608,360.79174482618214,312.77330378015085,403.3035071723118,-13.604086873416072,174.79044449712282,282.42314542428977,288.1550120550722,2.778985125286428,2.710772889708475,1.5360361684850647,1.747467830976062
901,1.9761735530904034,407.58617984432306,303.40970938353223,463.49168530187325,-3.3708858464092017,148.10402573887222,301.0669742243915,295.7504572415104,4.280559984798664,4.520367753825328,2.4739464432529394,2.735086178953016
902,2.6670356106449558,461.27798912943484,268.3860357892729,297.88791464991453,-2.6472799713366513,155.94086656514142,235.3249032907988,263.3914122583409,2.07826419061938,4.587062928075317,2.205116016970452,2.645715317337391
903,2.4075250065152973,133.06374181319723,257.8178820117273,256.92061398085286,1.1008263012198682,166.73507981725345,266.7147053034951,278.2825286657473,6.3054547510781385,5.7699991625889275,2.5058960759814974,2.6402669243318435
904,1.9398866576295508,138.86611509946425,269.34112801201013,334.9905726462761,-10.953791881279944,138.90504483599648,254.02289572221963,270.7345696536752,6.644561231542333,6.667279607782845,2.9940071420956067,2.84377978141876
905,1.887064724973422,115.07409716710538,253.97397093100844,331.339139680671,-7.340112653088031,145.1784732805402,274.906403925004,299.47046795288185,2.251787585633708,12.866925987947415,1.5914337771663019,3.7639168621444625
906,0.14091567047976028,285.5335642851362,303.0897399474937,529.8861345441712,-8.835211871999391,193.59445548579643,347.6646977799081,386.74257956182953,2.6532791343451905,6.126751553298174,0.23706035904529577,1.36630111065167
907,0.6552778184140111,887.2845665427857,320.39092445462575,857.0957945307784,-11.690106652389609,168.070079383933,329.4896033124943,332.72415013879163,6.295521841604494,4.103980628390182,3.425725849390079,2.9505537195350637
908,2.6879746639148485,73.56543313109671,290.57177579730444,265.86921428349143,2.635240657318043,168.71528214488606,234.68125246546788,243.11595626869502,5.045855702081617,6.196153840574326,1.9568088133922203,2.4205984505907927
909,2.3012672916731445,123.99780918992491,240.97376716153178,325.4650693928372,-2.102357124204506,136.00106934713023,272.08348491481905,271.1438389294605,5.07576937238625,7.7603486379843325,1.4002010208216076,2.090647393126371
910,0.1988098677795067,70.0384198271338,197.9960766141245,250.5618886084429,-23.981868191691476,131.94877322770677,360.892336309956,451.0970992136132,3.1709818398911747,7.021145447617215,1.2116812118295621,2.9879995623017175
911,2.2501403052966737,82.38484280122333,330.11817334438945,298.849908630732,-2.7634360035811945,194.70162455633948,268.2234729604706,285.29798486734853,3.0713565192647443,4.572927494703093,1.1713242749579695,1.5427879209770627
912,1.1939386738802384,743.4595748818651,277.44219173183683,937.994748727993,-7.04379893384667,112.90758632201735,326.11433673493565,310.2224599864044,8.979379720050051,4.627657069728701,2.388425200673891,1.3427910465353636
914,0.6550418859805909,188.96269041025158,312.3347268066201,740.3540227358432,-20.677171387070103,161.04286620064948,312.25878492626276,335.0401886434569,3.0438711923807134,3.744210551240324,2.0617626172779877,2.4677368369056607
916,2.5067493246730566,475.2145245191063,299.67302039155095,530.3570253485253,-5.859201607756628,141.90633389218374,247.09533494483966,276.90341652709844,4.218285447178106,9.192630719800608,2.880764912413141,3.769253314555156
917,0.38570692258821326,378.4588241976295,260.11542551802256,411.8141777905922,-9.244012699274524,148.50213368573674,319.1173068162696,334.3729226869117,6.5015672797062125,6.51337240037989,3.3186373385326147,3.3540026898952338
918,2.7572815923976215,262.4163043429052,269.8157331145135,290.2998981642068,-17.628041701856514,129.0339444077468,267.36486881033,274.6491242768817,5.104840169568854,4.355311179257493,4.48866894565048,4.060357733014454
919,1.598717890100164,515.1581520788424,239.16582939983536,645.517279982406,-5.62688587063823,129.23668866336692,293.13209476637024,291.1473242390824,9.399323820805893,7.375956298786837,2.1817871786514442,1.374624246478705
920,2.745761016163053,244.8240519547299,236.23563240417647,373.4253604908136,-13.591611179541214,128.8344829882967,253.8352864405441,280.85353982154254,1.50423719951666,9.615483788689115,2.1159127604993064,3.5618790081308003
921,0.9676242849467123,275.75486965006394,259.9467782872407,273.2755454714488,-4.3565393551923925,155.04365442245575,327.1632388911684,318.4761822464497,4.313712171416789,4.030429363762661,1.2223860553238022,1.7339828407691043
922,0.4739675244301016,309.697897131536,292.20112288847423,472.73699070592744,-29.938049746978752,130.30384703506087,314.86288639286295,338.39423603951514,6.329641981916501,8.297146135740293,2.8559603977218813,3.366435993785669
923,2.6113817378233417,116.58858695430331,277.47696559921167,709.923425039511,-16.32743287035236,115.03688904303085,231.7332958894039,258.33072135591556,2.8984900401425553,9.868056008350935,2.8820870282316995,4.38043045123361
925,1.1913914735477622,207.51235115175228,267.8599585738254,255.91261854014326,-17.76533557086097,143.2016128007703,280.26055565567,286.58797954604034,5.593554807148976,5.56127622093417,4.086659320850836,4.496770970006407
926,1.9429575825679115,268.68360998790746,265.71312539749977,427.93070736463113,-12.09129666163463,136.12704202814967,285.27184569332906,295.5450428390778,2.13927164233439,4.59828017625973,2.600032107792047,3.413478979097428
927,0.7329835567319511,563.9223047593932,286.93945683537265,838.1902162103913,-2.673820289204407,162.95591135921944,346.7128166690075,334.39082921637265,10.232817742024535,6.1481475368732355,3.3719841216552555,1.8802447528393733
928,2.8122022100917428,49.85750854298249,253.80854513712754,427.1293916356515,2.498355492758506,146.7978391139921,268.9934187507147,266.4607963963466,4.341282284266321,10.002009998644084,1.7093736468568363,3.1689081623433872
931,2.6817317216617713,254.20377205452638,311.57018434439135,290.61492753556803,-6.728378352033513,138.7429450999913,245.67895944183954,285.6388882505515,0.9791859276584578,7.324609902096855,0.1339907342053004,1.6069384840260108
932,2.023260003440939,73.62306911997621,264.1656708179886,251.11287759304525,-20.663647708286543,154.6791535289975,271.25571348327713,287.5029332759394,0.9803028643270548,4.112788583875216,1.3007762814616972,2.856742641042566
935,2.154431258320189,500.9139700352115,292.23847614912785,251.4624676266944,-2.2618254216109257,210.64710640178532,276.54953169660973,283.69873441736996,0.3722212732633361,0.9808827798255422,3.235548743914838,4.111503290574962
936,1.938187923612814,421.3474790504764,229.5158248911666,383.4929674635715,-5.226482423608214,139.92263568059923,300.27004217049864,296.0398101623212,6.046291114334806,5.8889742279696815,2.057416939141918,2.136589606604609
937,0.4923356666459626,614.589256637721,273.6307287219487,415.33253779905056,-23.083866819881607,140.6683029316548,334.6326798376236,371.48570857405775,2.9529670140999555,5.177586833150286,2.8232283017439337,3.62801814222279
939,0.24299266301752898,619.4300857472721,221.18717043443542,835.4076741635894,-8.727965127150945,158.11625077461272,375.30513965501564,379.11467699515754,1.954070304713658,0.6907847041241766,0.42403043075569946,0.5242543720392696
940,0.23564005878401728,511.53528121952394,208.33850212774755,319.4755080397532,-19.486353986628888,137.97780045699017,371.23350422621417,434.5138684223224,10.07863977040376,7.649560078040146,3.533400924156304,2.9808219398184606
941,0.3103500742406262,1918.2548113552625,296.53768218407265,844.0419604981907,-2.527155206774534,178.179710566307,341.61894947199517,308.95577760160984,10.828591976154247,2.688628871601938,4.674457203478632,1.6272999569284259
942,1.8864419651153554,222.69326955452033,281.71081190384757,253.7804616473876,-0.9889240158058499,191.5525209177485,255.22693044503,266.0790716525263,3.430935101287821,6.5561972392995305,2.032383498974563,2.6035282211412216
943,0.892655024520689,404.2885110210922,283.1374491626918,721.4990449379358,-7.469615424492808,154.22514699982705,343.5352168316693,354.91101669228857,4.477303325328663,4.488055868463215,2.664349365635916,2.9476474210656387
944,2.1480245488835172,76.70709888822654,291.6008504838222,487.075051979246,-11.400727625557163,157.8728324154744,241.645204111379,286.02452225939896,2.438637220709847,7.673638223216782,0.8565829721444425,2.0230110162226183
945,2.1023527828077198,111.71626473916899,268.20816825555323,391.16530790704746,-8.010256188129219,150.24883241822988,294.6223372360594,285.31579762497785,4.335395284718049,4.640953040894622,2.9538566603088228,3.490664042225015
946,0.329689004166144,625.9736061252132,258.62431368762054,901.594411597332,-24.718173698069315,111.13515560033383,353.92868811331743,344.6746646032627,6.997209395933075,0.34030997241431393,1.6993895779835413,0.6462141096673768
947,2.0857747583023287,649.7280247001398,257.16851772840994,796.4218301732797,-11.313422721690891,120.00395091587012,266.2185088730924,261.07252535934407,8.323755765402908,6.040103758180755,1.4999991312201169,0.5864159218821035
948,1.1401345242743024,441.4888814728673,302.16547172881576,611.1823068094277,-16.227749791745865,174.28847921498584,291.16597005620633,301.35444061922306,5.242671352781397,3.1716493770741643,0.9973580519210392,0.7104627803155605
949,1.155785115897384,269.8480947284385,281.6262118418422,275.40630609635764,-19.9060878065397,149.63226553229296,287.9595935566552,289.13308839405056,9.473706783861896,3.7168975755102722,4.7554019129965575,3.408335861372551
950,2.259242227786898,105.10051366567808,297.04972754213424,375.42793786409163,-2.652373783874502,165.87523390759094,303.5105484033189,300.95802055875106,3.7122501650170325,8.574909424103588,2.918589171091366,3.719861539185376
951,1.2838908711817139,330.18586065227487,276.3042064279282,424.68159306037825,-7.542074122550577,165.38336029219144,319.3277350633724,313.66670947724316,4.917087368823404,3.732002798677044,2.5076933265992127,2.35200469554995
952,2.831477576718076,566.7872066690575,332.40332270074856,418.8292577421681,3.8633411441080234,157.37941481174627,228.86396009050026,239.8147108416427,9.394050720252187,10.784902337368617,4.941710112254176,4.43411153305856
953,1.888812403699984,872.1693345074002,306.9015874786039,487.572990572034,-8.929376328476302,167.31192644154297,300.2805513698639,300.056180761405,5.048741745050704,0.5791063986701852,1.3879276815180612,0.670085291298739
954,1.0087170566224324,205.67523618012177,102.06492057145522,257.55013907416503,-1.9385629608773236,142.3229620578869,322.4040703089005,302.26493373937325,4.644325572651155,8.06588875256353,4.0595845537758075,5.164999094253698
955,0.5383543059507527,329.6356899448446,341.5793287774157,641.7554736328018,-20.490769123709995,197.6239199099939,313.11401444377594,352.1155774759042,2.7346855404173906,4.784688071227592,3.6518431989613998,4.120076702928352
956,2.781387439083624,146.73135879860212,313.4266481200785,481.1875195979091,-20.410111722543558,151.3860528419153,223.68284139901544,250.91166785825123,3.6857460171998038,5.814974066527009,1.8073463575693482,2.180531583086824
957,2.519203524470221,377.0317840056321,304.6411642224938,717.2208380255145,3.949712897954676,176.25551491191706,265.5830643146726,272.02208814667364,9.47999904656115,9.73572186329356,4.051911238167364,3.553094329442676
958,2.1632059658916707,97.23555695681682,273.05573311341175,497.68022413048936,-5.359076440924202,164.52319723112728,277.5147316753953,286.6752020043786,1.3850050392430036,5.900985789594704,2.5620894946696353,3.8832921568103176
960,0.5780490077509377,45.268146130149034,169.17316193935739,252.25195813355822,-4.824627570420237,114.48629331192618,317.13352707982483,315.0422865553306,6.574336872440318,18.160754761675292,4.43835717017493,6.771249957575001
961,2.7953255336477327,54.7974535706137,274.04662236797253,268.0995883560774,-22.87982238793278,118.70850625157748,264.9388385077298,294.4343224088136,0.1325964642315265,6.660482303946215,1.0324194033922405,3.935245297781409
962,0.8163714338737869,998.7155501906811,307.83437744716605,686.9762651013363,-11.971945492966789,216.82496676169694,317.2309414664099,315.5043943065905,2.08789787039831,0.11194832401334942,2.528310629094852,2.474421116794356
963,1.3916000481304058,40.81749249512876,234.38593520725865,250.90973554806564,-7.592537949267939,158.86456480825467,314.3493775054829,318.1059843767359,3.0871689025548594,8.046994512396555,3.0754630119003217,4.705155957458484
964,1.1603328649500928,118.24341380165214,234.53142761634214,286.5570796087187,-10.707256828002993,143.24292678442185,316.51811569566837,342.40700702244527,2.9342424094672603,6.6700867450801615,1.316341850732747,2.220123148775037
965,1.4862714453351193,429.8364511545332,306.4769391366926,736.3385513984186,-12.606106554972474,146.24491211277856,272.82532625562095,287.143687075102,5.054066088640626,6.127109357667047,2.0538323653516146,1.910932615719004
966,0.17318718030031377,1585.3594662974158,240.77616479819002,914.9130907792662,-11.660060351232424,81.48743609056905,411.88676616902234,452.334947538448,10.458829356911604,6.648384701164014,1.7934434125204675,0.5847620084832863
967,2.60526501707377,111.76223839220108,235.27665622915947,267.64201462856056,1.708600932639488,126.71605396377187,271.9741764981625,269.4140171897106,3.954878310455371,5.0362110736803825,3.24308719406437,3.734148289057721
968,1.3455063915276404,415.7327939643424,272.4085874079135,888.5339628374477,-10.24492490236991,146.08573482185753,272.59740754094713,266.39384736461733,3.9717190579133743,3.4331741568576293,1.0311302433087814,0.9683651077150865
970,0.34289098619189584,315.40039395414504,268.70857769187546,403.1215474590755,-2.137130318239464,219.15720659241597,341.8442583114635,400.6661015738267,0.3508014717755983,6.802887214608921,0.7008324797918006,2.8890574149326094
971,0.9456704295083567,1876.0672016800986,342.31968343629353,926.4345482372846,-7.511339803914314,172.44211793028083,284.1949744422168,297.41157998655643,8.277089544285118,4.6395937124769056,4.3697502048248476,2.850698561690238
972,1.9914443391093308,95.762127039279,262.33972965657114,250.6775684806832,-13.425707947687773,171.58433549499892,319.9513926078301,311.5701243334276,4.099811682500046,5.689022716112639,1.515492532345422,2.140479505229374
973,1.6077084126099521,574.9176673686848,228.43065914268436,411.1014594125784,0.28176696316585037,169.44652534240723,287.01327970825145,284.9834695795595,4.582990986243382,6.6488385790331535,3.9299975635501045,3.7423373712365215
974,1.8970721423664851,865.8831272964557,327.8253820899505,750.0845715648593,-26.13957679033737,139.55297102122063,255.68812855779873,273.38014098579083,5.594100761140498,0.7689018278835666,2.5973292101352405,1.1084377609449256
975,1.7998271750251367,450.2643332139571,296.96972548630947,900.0233891054296,-17.061980037209494,111.8711894712354,282.8786397730922,293.19439324275163,9.491976523385087,4.060086841246218,4.202679129823367,2.654356162351646
976,0.2211443595629432,210.44355454936144,288.1122317132084,353.0501286211663,-6.452108592222707,171.10036826821494,377.14645418865723,398.43100236888404,4.243899014193754,3.02524435116392,2.5391889484478667,2.3764821656246156
977,1.1040142992014514,68.40657221801524,211.72820297699354,487.3111722224832,-16.828192154162824,80.87379635696064,349.62912765091977,351.53086951269216,5.501365904498737,4.8940429354983905,2.2963806719459976,2.624998612506535
978,2.0150620940857875,1453.7353982395016,315.2601798724794,900.651387198337,-6.084513666985227,177.66430755967556,282.53188000572254,272.81942932797244,8.173419725256721,0.4971520961574578,3.353275721464524,0.8605476808745565
979,2.5579860643357795,52.059526908857094,178.69656184330435,258.70699386850083,-15.41690518262703,99.29600630314019,296.59238637099276,304.81565449999107,3.389569264902407,7.302580831895087,1.7009315746014186,2.9567212831215306
980,1.296567182185691,955.9449034367042,307.6742186834308,811.3539434647141,-6.50693964072909,150.8761199793488,279.9691903182778,270.5526193547315,9.436710048321117,5.806835297350688,3.451272176604514,2.5871077632414217
981,0.4485561209563391,465.04448011047873,224.96871944533632,373.61629402851236,-5.847798915426576,162.632419258154,333.659268806982,314.6226822834383,4.576185437785125,4.239502219540438,0.45490457125009187,0.6894516922749108
982,2.8327694083237707,80.63215996590208,327.5717869238692,804.8981812542288,-13.459451094815975,150.76900803623477,242.91329167240167,263.7607102154567,2.8881527261827267,3.308036972253344,2.391730128980832,2.4253072829309232
984,0.454577208269618,908.9105267506534,279.01428599534097,897.7842020966355,-1.8679818132069137,160.18190841896927,342.1915894673787,337.8749508144227,7.197240785111417,5.79379962240772,3.151771640843561,2.931067201526744
985,2.559986639056828,178.46620051290597,192.830917624054,270.1055459370946,-8.057448342615885,106.82728793872953,261.5840446587195,277.775326307206,0.7449953624541541,8.89753615197369,0.7195796244889876,2.9191790241019757
986,1.3683268841473533,186.80925482542628,230.07629924969422,324.94999904450594,-7.652664944959824,122.59999515763552,275.278404088427,288.9512103448219,4.0307748332418125,10.543785137918055,4.382189125466292,5.703954587166897
987,1.128486699896058,283.91235969894785,175.3406097866245,315.8646254870481,2.6002798386903514,178.11039524238882,321.75582479356825,299.8868861578348,3.1467742803811696,5.106725596876314,1.0054463957824693,1.3576275404945484
989,0.589384620720375,353.09830525301084,265.2551483469457,329.5826542296827,-20.2739406160204,175.78742012098706,309.92899940691143,321.14164673528836,1.959650831643497,2.7344757348962525,0.44712884606439096,0.8907245068845973
990,1.4338463948054567,252.65478905337426,276.7512594838556,480.8180311905865,-9.109152027939498,141.0851001477694,284.27304063361,293.08001216721715,4.758575862097666,7.2624000345532735,2.045422732332367,3.068878208979944
991,2.3651748706067077,76.36767271980813,298.0501712392674,404.10793373343336,-0.9229210893509787,160.2034315721746,274.09224939913406,261.3006038455542,4.6081018785374335,5.686081156410262,1.8616818995393756,2.2340752223651927
993,0.4785881095980584,712.86193326137,290.4357581529449,659.0328046190838,-15.264945925491507,166.08255289447916,315.77577828394544,361.0263789982831,3.6911672464070913,3.828804815929348,1.7468890079435122,1.7222191186642248
994,2.7329701944672316,100.13484230961393,251.43545907109612,505.96476534810233,-13.362213018743638,97.91352973023982,241.53731237745885,255.78815857481726,4.456538313630515,6.7585836837333,1.8532669248444098,2.8304252165856494
995,0.22860346397676246,756.3642571297034,305.3194370529332,642.5866898149133,-32.19578659385134,147.64433281407494,309.49637192811497,348.57513371621974,1.9071008943520602,3.3352993649930607,1.9525725713858253,1.8453195463125938
996,2.462877640642228,40.13107786987649,280.2326006224679,251.3552124890716,-10.24700828342679,140.12932742783826,270.3312406023471,285.55385119008474,1.4133361958554302,16.304795466948676,3.35704327298542,6.5787995211018115
997,2.421830247485901,467.3365236879971,281.5902592084364,254.17811470701184,-23.028642590349424,151.97201821131105,238.54042007800186,253.97499281591527,3.4394097880219965,0.9828051870048107,2.2334747605075886,1.5657566180029359
998,2.49738061605414,44.614889552662476,183.2002044458899,271.15864581641074,-20.053036702633147,93.64060280501658,280.02550666292746,286.5690448039742,7.8391992170428555,7.3956272433722035,1.4819746485034893,1.854616241617231
1000,0.7191672906534285,91.35291431688825,212.1133557534411,262.74402254222167,-14.59629471860433,113.77217992884104,313.13703744864364,327.55373209320385,4.249130221908921,11.334961810247053,3.236165245843249,5.148663755830979
1001,2.08943803832525,777.0991068741946,310.5521692370912,460.7560751168828,-7.18423167006863,187.90492192442858,278.9707637810443,289.4342357754588,2.535336785353688,1.773313937910825,1.8876524070861742,1.9822031678746501
1003,1.6711248578155304,40.20763653749361,201.523832793964,251.0200636326733,-8.901660233997717,170.0428953517269,297.42432932080476,311.86232859437933,0.11537512032754993,9.14357925320828,0.5833177997367187,4.276460956487374
1004,1.3680480814439346,213.18725434677944,261.16122688105565,291.56138718015137,-31.916762150570026,119.162809664291,325.4055319084791,369.44633715564885,2.4435095978457193,4.582633984679571,1.688694742959386,2.5357102638507376
1005,2.609999721209883,95.28600091486805,267.66346647484124,313.91887609162825,-12.481364800397152,154.5443378612162,257.1617657709472,278.54713984965304,2.3698916569938313,9.138617438393165,2.6659152541591116,4.431577186157838
1006,1.9261957082192485,140.48857566363637,222.99713892812431,371.90079512105285,-9.606529375076907,118.47164052061763,283.79331751569,284.86408206433026,3.18467935784978,9.04903270410341,3.788755670729363,5.354161796123776
1008,0.4594628516770478,158.27915226796904,166.81971474320372,273.6215433965334,-8.466478414477159,115.53955359486864,342.67267345412284,344.5713212656431,6.474340583277226,3.9558304196462855,2.1248909867161454,2.3906341246335763
1009,2.008207530500661,167.89715424973082,247.22160448079023,437.324189968838,-11.037975558925304,125.77388372124183,299.5296995007471,297.2722429056558,3.2826600407058018,5.548070019408314,1.4300911486617325,2.0445414452191972
1010,0.555917946846169,166.33906330291308,268.9507294221737,459.5122669619625,-16.878776107614595,153.93161776471965,320.42831917767273,347.2839739074308,3.5976216979122784,3.295430858472967,2.8820807773581287,3.0786673783342207
1011,2.5965339628286217,295.52320143010036,314.9646595416143,439.35833976935874,-3.442717453800981,149.12803611343887,251.79869057681725,270.36075557508474,4.434942010452938,3.576680548430326,1.6302519513797646,1.6904853295316475
1013,1.7022831782948173,613.8353139145437,270.54673459082227,834.4033854589463,-6.755788545930841,154.09240129182032,296.6912457068877,285.34231978389755,6.453370018929595,4.187721852517079,2.623891735945164,2.155959281766932
1015,0.8208052383815967,594.7937025632194,311.98675361021856,673.0483186149431,-2.318236140886931,171.07983459562627,294.1811148335047,312.81454180840853,2.677023571997739,8.496418757203298,1.4371389040941618,2.8168165038500743
1016,1.789837745144246,472.1738986491999,259.35540311013654,636.608790778982,-12.126855172677757,150.08546236504617,317.83346493490063,303.3001157572693,5.637669394169172,2.8817049373032315,0.9680742893180818,0.7239130828797167
1017,0.6047691303787572,527.3737054607014,300.20230165865,387.59282317420616,-32.29098646693018,137.29304568382298,351.7115067847369,461.24775956405665,6.1075805435816655,2.0171965882793823,2.1627852920793127,1.2207940018729126
1018,2.3476209447143264,443.09265753695496,287.3233253861724,381.13950543193477,-11.193445509603848,156.90445552397543,287.6703490468758,289.40061894894654,1.814507491388837,4.766934169166515,1.9753704331893234,2.8934864618651606
1019,0.6304790640007742,107.4651794875316,174.52977578630689,424.2685716738284,-14.91117118922503,127.82498338814978,308.0777524344105,306.8903682293305,5.57308262147695,5.9895078652875275,2.4162467308085063,2.7071824114258236
1020,2.4167991530146042,196.2130437003019,313.7634130101169,883.0032053057987,-15.212566712023143,145.96391436718451,241.70807212382292,276.33412348077144,0.26384003571455983,7.707770117716153,0.03818673783424975,2.0840784870107427
1022,2.8082313609454905,145.52901901162795,299.4201350329341,326.5269252737123,-1.885936298829165,160.3260865134067,223.01789212657684,241.66274379298022,6.998882399557823,3.4404470592803937,1.7138837133690417,1.1332184168230945
1023,1.4872606452772663,332.6695626914531,321.54920071502534,436.05074533391195,-12.46690716108624,196.03939631196067,300.8793528476882,310.6900693214458,0.7220911698456143,3.4919425426951554,2.367628676469369,3.2383876385189336
1024,1.6248686558052436,194.11899939504096,310.5489205083741,531.9020785163686,-1.790185439332177,164.25885786627614,288.4616794564885,297.409323018663,0.9918470775271673,8.864520789759343,2.2997023922377124,4.602216256069171
1025,2.0138667800120498,280.76385746768585,203.78308077947514,332.5697080472591,-10.864185351719264,145.81583123705263,310.76121794902116,321.1676310142666,1.912816733138997,2.4442522680359153,1.0735213932027194,1.6204050337061149
1026,2.671473238872841,100.30215920013399,291.4202254819151,357.7671892865433,-19.84821190251516,146.84072845206794,250.39908202306975,262.6210444945993,0.5242595887198287,8.389609856716985,2.400017891068607,4.872640815518688
1027,0.40843671032809725,426.544866170249,287.46146785950316,521.6346529424494,0.13733110584619013,195.17918180185234,359.80581032433463,319.60949651238957,9.380422818213876,7.129148339756759,3.9697213328465053,3.333096514764689
1028,2.3141110755806906,408.26202204887005,285.0619355029902,420.487230846771,-8.637830355533236,149.85620472873174,292.24430862896844,296.319094268007,4.213562073976787,2.5551775087269135,1.2351749116498125,0.9454080485378993
1029,2.554122904530284,196.18157197707205,193.8990855287682,254.28333223530674,4.556371133951007,140.04056961995005,266.5924130636094,266.5149798136525,4.774878966362344,9.04096984803531,2.3943846156165134,3.4054665224549856
1031,2.147647343663242,222.44819540214115,245.87738331679319,259.23024340983926,-14.789573115619827,147.28029537446258,308.25240600149044,302.5689503223541,5.929051537389975,5.538888870832065,4.231797917528111,4.295737631501923
1032,1.7121839128959966,274.3443820177113,268.94944449757713,437.88331014611447,3.916709703847534,176.16248799147877,298.05516565951507,286.8823452850983,2.132710271817826,3.838126580197782,2.685358523177349,3.40744369900179
1033,0.3732804047796425,583.3847255376012,299.76408369793694,521.6431753471771,-13.191304648119004,119.84890421678644,343.98834639484147,419.2626492165939,8.809666244587333,8.780764164344049,4.50831930470228,4.067629316099421
1034,2.1355814827893185,62.098867695207105,229.99424017612407,252.19677300876822,-6.678212069275435,164.27500326618312,266.99167966823757,297.6503025383183,0.031300077801267534,10.191749019474907,0.014939012376295135,3.7819518342072964
1036,2.7475079317570383,343.50936320323774,317.03273302632584,477.2017238449428,-0.7489304544491304,182.3461257196953,235.72663162518472,243.45851690635877,2.3514268548929023,3.6217702065185593,2.321822545925089,2.388084839225089
1038,1.0980224794505706,333.36466522424234,249.4513146637161,795.3246233710288,-0.7235050385759045,115.13839360321684,303.7332597612962,297.239059956438,10.545557837909163,11.724432462223326,3.5742202959494924,3.2228111938330426
1040,2.6793232336764525,391.29824117849387,251.97730784919764,453.5740052721645,-4.836004436185437,120.86797261609654,274.69871437125175,279.34026478083143,6.6278668053930945,4.548588467542162,3.058222930362476,2.5333744153115343
1041,2.1124182130128273,54.42462128992361,286.83359525188746,289.8537612345826,-8.644038722320762,174.51001228703032,244.6480956223952,264.4415295835843,0.7095942479423325,10.723229684180584,1.348537201245489,3.9134196793350924
1042,1.8043287025722354,822.8259428551542,275.48830447517884,690.1968855786236,0.3452826896321959,166.89071818375007,303.73142593116177,294.61216182510765,7.560288570272336,3.721627750699245,1.3367046697440985,0.45352497514238577
1044,0.5430343111457976,284.13748412713176,270.4140763148451,667.3443398837602,-13.84649575449,162.19469863026004,318.36072461634427,312.14927362858856,5.723679074337287,8.187500459469701,2.0093396317856786,2.5522441429809954
1045,2.673996452037798,159.37397013311534,262.63525352876445,265.1555361259633,-3.1548893414098345,168.62319387204417,265.3214250079725,273.77446993958375,3.65995260463872,6.57110238837231,2.319655447184675,2.673106532464638
1046,0.4429375183108255,513.2184925420706,295.7598491871594,538.0135385963637,-6.598769789543315,192.02003712069273,315.1843464503633,309.42948961247623,8.095525422906574,6.099953102738008,2.5422207626062714,2.082675716717342
1047,2.2559515810413875,90.85855513986434,245.7952657307989,268.0278701381687,2.0994285352028363,166.64539553913374,259.25652844403425,265.9989868691249,3.341365618892562,4.998028536304499,0.850892999909393,1.1951641784514002
1048,0.4241013504205955,435.53349830996865,286.67465665778093,448.45821910793563,-7.148681954929259,144.9482905564645,348.9887813377386,395.74879092033535,8.682912121169668,5.727608325432245,4.78597368570363,4.106600413965454
1050,0.6753004754571039,523.8852529760774,294.45785103867627,427.75757438855635,-14.36236105676123,129.86587975589455,332.29511360258533,387.74872364946515,5.3649478213791255,6.667203366106642,3.0691311008576374,3.675690724772725
1051,2.687225047434466,898.6371635955156,341.6389559329651,834.2901580365728,-10.94988409330929,180.72420898326877,245.73661287130616,260.19622202876167,0.9814586227414548,0.537499078365391,0.9434896654776965,1.1487174680771624
1053,0.965282100320108,666.0321665831087,225.6187131673217,587.2690756689342,-5.214214600593614,150.37072846789079,354.9623714290814,361.0203493159825,7.128230242277043,2.355149610645486,1.9866695361367355,0.9443122675170788
1055,1.5925075946902552,341.42085814907784,279.5726222255817,372.2791120816896,-3.6571685419217204,165.1582448956374,267.18593573724746,269.0795861495758,5.8548355108037775,4.854464037140524,3.0411124907368627,2.866517059185652
1056,2.2761921659442104,461.30896751350144,296.00015705251235,652.1017566624272,-8.693003501088885,145.08195271133252,261.1003575895874,272.9067468177254,4.567697343426579,6.639524459560095,3.9745875163741893,3.9433258509168487
1057,2.5048797447135476,1285.9955117138784,346.9276410652269,867.7871384331763,-4.966410673437789,183.37869068653436,252.12301650070344,253.58635045409534,9.0375733061206,2.3900717818260713,4.2263657041060085,2.5792980828446606
1058,0.5306834675757797,356.7217288620842,263.56991480915417,641.667496569884,-11.683233132628672,145.28854052201203,334.96776141279025,324.08010320614414,10.217189632699576,8.859876526043433,4.249176168429331,3.4268213216498644
1060,2.7415863213737404,360.075686958542,311.2653631649221,572.7298809094201,-4.480475444579799,169.61554786261638,237.33402091084668,247.40581024936128,2.0316343434201967,7.4772741672295755,2.122749502055452,3.5563485388067857
1062,1.2512801578821433,93.30906194220393,282.401102745442,274.5355939517324,-8.302258041563508,159.3054224063712,354.2561481676051,364.26884978261575,1.2323216767511176,2.849773050996995,0.1205252113787747,1.2457864705014368
1063,1.2319339308224375,78.4432230209917,280.1242491697932,485.71219195428375,-16.409851493526464,147.15224589924537,308.7243182533951,328.99488510073763,1.637845731078548,8.9967886476063,1.4337669263085875,3.476422536975843
1064,2.1882522403839855,277.1969273262506,290.575580373294,451.1060634882055,-17.136090871407426,142.54518736783513,303.68582629925254,300.2254802986325,0.9451104104360732,4.790897633701481,0.06400242418842028,1.5962642688004518
1065,0.4733566543829797,186.5392362710167,206.54013541779503,284.2653126267378,-14.187360228319452,142.62971799832894,318.1591807666974,358.62211036977726,4.4950904794971605,13.770244661939714,1.6801573468562185,3.815696400699429
1066,0.162441171632147,46.55499219400781,174.83694334400204,302.24503804773224,-16.261333107515767,126.75762829502123,427.1874273993272,465.0019138052895,3.837120352415822,2.0947802882916435,0.3264410564445308,0.8243171864979786
1067,2.6245760227828487,100.16986422778109,230.00535224379044,258.97067073378264,-3.3179765351509083,158.47297682987184,246.93774553955132,268.7680654778992,0.9295121079257727,10.666791250286526,2.0576947407390564,4.402036506487958
1068,2.2290013465770073,645.0907010170098,316.5137512369315,605.7051099129493,-21.612815679406623,132.9448364532442,279.69048274237366,288.50936968954284,5.623763680242366,2.403421858744209,3.9264621906567374,2.8065016881666436
1069,0.6643100060391096,156.80532443754157,236.4566903056608,305.7102923028058,-9.246911978444903,143.9026510484905,302.0976737052578,328.96251196263,1.4345502660558398,11.28404232374172,0.7533953757040637,3.183843228917408
1070,1.8943562693728457,202.58427638974086,307.0276707865584,264.04873192085813,-17.751259655842997,165.501647025654,233.02178531824413,286.62634134985916,0.1428219732059226,8.265699045977675,1.5590642334586011,4.623218258659719
1071,1.5251436109789438,167.83163785251458,300.94435843228894,467.9685684713696,-2.164248676105327,214.30648815863697,259.85254932633984,266.76944357679054,3.615919513953167,8.749217694416927,3.2418185735475387,4.061851492714058
1072,1.763219883189516,365.3717455817413,284.34893225448945,356.33787852917624,-14.096987071707918,165.58910021152172,293.3252851251084,288.1253054350131,2.6526255995082693,2.140158245366358,2.072000475209774,2.0313653954306474
1074,1.5155262904723044,119.15350889826829,214.9509482692106,258.6311077979417,-3.4739333373099868,149.77388097678022,313.82791234299725,303.790231863935,3.2224351499263446,4.711986404514278,1.104912048978236,2.073878983452897
1075,2.06273028000367,234.59586326338368,191.0840113127375,256.2825065899649,-9.411497271778444,167.72417751841877,274.93611438204556,274.96059614166177,2.5752993475086123,2.1144346284317117,0.2777177773662207,0.44807843696677274
1077,1.07344023008074,191.21535557036464,177.64198423890218,258.23682024062555,-13.907903323470876,156.89830966110043,309.5533088029137,305.51839555771,5.111111596077316,1.2458413891652071,1.3546130261647678,0.6195569358892743
1078,1.9170374864919624,836.1732750338653,305.67137838664314,807.7934979327592,-13.615558713151028,100.90585954831614,303.67626202782895,307.53285420965585,10.555863593681504,4.666721382279685,4.759949312336479,2.544061539715069
1080,1.0992526107126772,1511.7012570870602,224.4705788837506,711.7160627197868,-15.349246106924532,111.19512010714008,305.3480769626255,294.63491432675477,10.47136477562806,2.0432705313473725,3.445297704286794,1.3279613556715242
1081,1.7194189539270024,491.80452557491327,283.42870025158834,286.5570174106752,-22.677866155602935,153.64142358130422,283.55489387756313,294.5795690343511,1.3477428563605636,2.218862115207561,0.7841529455868301,1.577287976751975
1082,0.2882940087601997,52.248798876315504,217.35798477979225,277.9126017937135,-3.2416192295749724,151.49159063602357,298.02814185551387,307.30562547247644,5.674041175789008,13.352336275884303,3.6756139035608717,5.183717607321533
1084,0.7371106237501466,320.9290738991944,234.4100852898991,400.6343198604028,-4.308391878389202,151.58355302430985,329.0263202723083,353.6337907416725,4.149426271644782,11.59346163464048,0.07930503146796353,1.5706038574258039
1085,2.426851680504505,1091.6807087271075,288.1725336148474,857.4545265743934,-18.80734559116691,104.283608276997,266.92747377517935,281.691158219384,4.157919379655499,2.793512957597283,1.7142665309131027,1.1116333366396198
1088,2.6494606954014825,98.87358263032905,272.0468861588864,599.1906878821451,-8.112625006942018,128.02026036418442,270.52187309683455,300.28869758444074,1.2171820508585136,10.337542052967798,1.782863061451561,3.959606968461695
1089,2.738964281094888,141.5887045511447,280.95195601383693,414.8127095567254,-13.751595100364522,166.177437068577,252.45822189474524,277.02240616289976,1.2759174970932547,6.84084779775933,1.1612696859222145,2.7400133873967163
1090,0.9401503393460988,693.4266961752082,244.35662583463707,329.11098586698597,-11.174320674542209,155.62071701733106,328.0141496107361,333.9312792712175,5.813616079647139,7.369637518900635,3.398217319321014,3.8068763038773064
1091,0.8883276292986633,60.35459307974287,261.2168245343056,266.5690799334079,-28.113753143143025,132.94254519409293,297.117966161572,315.73660591707653,0.533288673460989,5.245494371792519,1.6311623960524475,3.338148248995494
1092,2.164096073276151,95.7208236068908,191.7356049954225,257.5525158615079,-10.367074041371378,109.91523880190361,257.4808947808123,281.75362467408434,6.520121436151616,9.660555517812227,5.3032901232901155,5.799518726556386
1093,0.1843906143710461,321.420392305112,273.9429500705363,471.3007822316428,-18.958140369832,115.12895919819127,315.6976065575945,321.9479904592941,10.56072542149613,4.662634437669194,5.3681002147850005,3.5625199923183386
1094,2.734139631902936,517.9969808325073,317.5266661678951,632.480123370804,-9.404668152772988,150.7120689985017,233.69317225867763,257.0108408670068,2.4564024537085074,1.0160797403946566,1.266887477913082,0.9531475863203136
1095,1.5489465358859125,936.2016034367527,288.9472170364596,709.4050100847567,-3.2065855007409283,147.76374957519346,296.51996597466126,299.628745092644,5.209644323127898,2.4394098536776188,1.9322417037240218,1.2743571458244551
1096,2.749710644088002,686.7397366338736,315.9729034374469,919.4637187330163,3.1109910770780402,133.86056179430545,255.34280914372096,255.1735219738236,9.87561511173433,4.551283098846842,2.417689498799924,0.9034656305432436
1099,0.6568958332876176,313.7059888628771,242.00215356225198,328.75049603634875,-12.06370112657872,181.69124025947536,311.2033018382438,303.2425440749984,10.00631952270771,4.732477766468822,3.9347965352876586,2.76731209044774
1101,2.0250426168108,77.59549752095512,239.7419448678906,440.86057193610964,-17.49249944655345,136.5712531686763,272.9559093996836,290.8814981821304,3.826442470924925,12.725916566425632,2.6056632412778473,4.345031923263845
1104,0.7860584666647452,71.55551756568605,159.49528981304405,291.73901548162814,-13.238659283394707,124.8275575786264,317.8128399537622,315.62280719141,7.7606255144633085,8.95530688559595,3.7127219610880227,4.3624711700141585
1105,1.2263121796070213,244.53808361997133,300.8555813248373,683.574680738042,-15.289282590133588,132.5427720906322,309.7535005944275,318.181617509394,3.827974991482702,6.580599515819017,2.633751209151178,3.330573054485023
1106,0.22511991086924077,331.28758382188863,262.3044601312039,377.39278416244883,-7.591742276396527,166.13254383851714,362.56604072471623,385.84607642235477,7.152057224504755,6.0602001570730195,2.707710379215142,2.4235003868797382
1107,2.160866907619908,421.85068903162835,229.36353403874887,470.4514916974856,-5.61597305068986,149.49027250326628,286.5247918045417,298.07515612541454,0.6461607256228721,3.236423054740657,0.5177239728923491,1.8625573497350172
1108,0.7252310711851817,1008.4682080668531,323.92633394194036,597.9932548956563,-1.1782575569116105,172.45060622885603,324.4580987097147,321.4895877931423,8.265230421459819,4.609290469498345,3.5259556462570227,2.2125654517281528
1109,0.7998763715594412,90.03008545326531,196.0415911662804,328.93300962419994,-27.709124365666593,114.79908433411731,320.3619454847607,316.10000992455537,5.384742774465928,6.019916985555321,4.569209819626568,4.993204874094426
1112,1.6969198111831187,324.42524747777395,226.0967357817395,414.25508196868975,0.1302539319952345,167.5785292223396,309.4876867576282,297.5194233295195,8.202558998793505,3.7243836089922575,2.102145336552138,1.172708646310605
1113,2.714512792192233,183.72853371809325,271.7222799884679,283.9525162790652,-13.549303252292297,145.02158864333242,250.6362845209052,254.9264555431162,8.141321858401097,6.808352095354562,3.9340106148211635,3.1162195094135536
1114,1.6213217402965416,259.6659861810481,290.7755604794878,385.5004851784271,-5.087987570326824,164.17659164696622,283.1555703660098,298.42263998739645,3.459203815477701,5.748931802709763,2.2972583959555544,2.890459425129032
1116,1.210517807065909,82.23853932522462,267.83659979398783,256.37001506497484,-11.161460417539661,135.83965012304597,307.7640294804882,320.9678606858044,2.932370338661827,6.179154459867301,2.3733216453991464,3.267974189010474
1117,2.4738741645668796,200.89126633097544,339.392189985558,688.3372411647414,-7.384025593628518,198.12368924857776,265.1438187708909,275.4579730486387,3.99160654598502,6.355436308825643,3.4361386655224235,4.126791380428449
1119,2.7435045193855925,305.4990287213866,317.03761397480883,392.2299607544981,-10.352431198801213,120.32377425401643,270.1402642673245,294.0111183838993,5.752017632218346,6.117235735501844,2.3222989109755963,2.061407180593284
1120,0.2260596236235961,316.26942169181814,314.47315071666907,808.6474483995062,-36.40559837287802,135.78133387058097,311.6708574222839,366.4232772203402,1.5302808306362468,6.917850997776366,2.7602925331139323,4.238117716526418
1121,2.701607157074695,577.714880436509,279.3755488717767,420.26045760315225,-0.36624382897677776,160.21937500245608,241.54565891423437,255.68523586141893,4.214749605402404,5.501990319662772,2.3869347971995443,2.236591914205424
1122,0.9869806112539083,1629.512975871292,301.63798172020245,694.2054379635304,-18.459952283429857,168.54523468748283,305.15125166009364,306.59380194480485,3.524669053664981,3.910074663179159,0.9239733957385887,1.0826164334311028
1123,2.2212816731429568,159.00610940231059,295.22524127539566,273.4423387379645,-21.90242745836228,156.42918519565632,273.443400985017,298.68011636657064,0.272108441286139,5.802743755567366,2.265840206025315,4.40415134701822
1124,2.273472466718786,388.3980137022971,264.1750907068724,327.19798856159343,-11.955897484628437,120.71497560732124,287.0250537256181,296.8859671933436,6.169946986996134,7.3666087186626035,3.169571326971717,3.2923235279978744
1125,1.5812887361957477,622.2383725225611,279.39266561388774,658.0772798339974,-18.357280852014632,134.18042253681313,309.9677126384788,328.4204584098639,1.545988363079411,6.205008415879707,1.0348894549526315,2.178017277832862
1126,2.2506114410813103,874.1529694713554,305.07802355279296,328.7906394477724,1.2809539914141155,218.38301882763358,228.4424372416874,259.7800037736878,0.2107484758482019,3.7619500710969787,1.3772797526633256,2.736286570598349
1127,2.6716728950631152,498.86055416357453,325.0603409780837,894.849338463489,-13.46897693154336,164.16396003107712,258.6522995279775,267.3469917109863,3.435865722615839,2.946274934964286,3.48094775332145,3.4824313747400923
1128,2.7460477888533834,686.4717647554692,247.67219711873787,608.9448565420248,8.176550929147979,161.70625204294112,280.8149700720763,257.73604322603273,9.603571459225815,4.271909640686776,1.9889638805808634,0.8833742981342532
1130,1.1116825998376778,872.2738619560973,285.2792173618589,395.93387413034554,-2.379656498181131,153.70840472936712,270.44106345324343,270.34710968580646,9.098895293567349,5.92639474001027,4.329276420006667,3.1415013483562713
1131,1.096008148696809,55.18505227356127,305.82843677375234,343.3105165288438,-21.629627625554235,157.75020736023401,291.630810337778,292.73808155847144,3.4014350120815413,9.116194106879663,1.6510522879495033,3.6278707484098516
1132,1.8464986074809269,593.3301419227943,283.0642185834155,549.9945340152206,-7.108823787129186,121.626241136915,321.85266562354275,323.63989522545876,8.815055568508871,4.526086479630823,2.9071442611907425,1.7378924120094892
1133,1.615815743697437,730.5550773862818,219.6821672499253,604.1558799172963,-6.8597883077629085,145.89258923948293,313.49002898727616,313.0562542267291,1.2011660057953981,0.3077676959472271,0.6690509733331056,1.2551581843416877
1134,1.643514570758004,227.61796137044965,201.3491174544297,252.6677652019797,-0.04000644357070371,158.58973524053272,277.93168302206516,272.09656212628107,0.9696735519793607,7.274591279143171,2.254421284106316,4.177041691231615
1135,0.3357097926788182,256.2545593035069,245.0104590705164,769.1505157807343,-11.883307580462787,96.66661211531337,350.965921987702,351.13533992783977,5.536601157391919,4.512581598734872,1.7984824639122108,1.5255771311488546
1136,0.9392664976573255,1207.457553418817,250.8907100806794,377.2495022321597,-10.4842977882811,122.34143487499257,306.7997088290368,291.3139009165722,10.028347030517349,4.684916449790001,5.861900963516725,4.2083388598041935
1137,0.26890421845494616,184.79282142837968,207.6603192025262,451.8759334968815,2.741491801695499,159.7422845403522,373.8277690382798,377.36369445779917,5.276729931949816,7.0863570576325845,2.900263483911165,3.5289867311888936
1138,0.021645367343979593,1561.6208072887757,272.6517665437631,885.086670127185,-32.461680795521595,143.46789199958812,340.4269852356521,418.9238394174051,5.401396073507536,3.739084133257079,2.80767372290745,2.6131098789065494
1141,0.23634196588536627,183.04013318632389,281.1912861885729,552.0160419994206,-18.85060807193547,100.96046004008633,339.5466751729038,360.65997843703326,8.336177478157865,8.623551882109883,3.848169898463411,3.8789444654333485
1142,1.0238948538386046,1047.7026408900683,273.97087184131317,867.977896905069,-5.5505544740130475,142.98831191236522,295.4983631175651,281.89223512459154,10.482944184039386,4.848768200837921,3.5364223896648017,1.325134615087103
1143,0.6918364981813441,463.10646458218696,317.54858660234163,520.4569041945341,-8.312046068569092,178.1558696655748,363.720137088132,410.33604137990307,4.51464761075552,1.7168101419570498,3.116078743905465,2.726745417541286
1144,1.5151356142202987,445.66755572025545,291.84452456564736,438.96639904338633,-20.012095970539008,170.34831177220653,310.5961372776723,309.24383526750705,1.5738927692184133,1.036441536442429,2.924031312676362,2.8727253433198143
1145,1.8447598953994366,44.68176470853007,259.2686566410316,309.7101185326766,-2.228323723338015,183.18707892492287,300.555993093101,289.16297325470987,7.69838019614571,7.347349847102446,3.2122086540821435,3.4684386506598246
1146,1.605898538003864,236.66406795161527,299.82899924061303,391.7392025318089,-14.911679385794692,205.38203538378036,285.6850058194501,284.7066923070716,1.3866523880015174,2.103625389503299,2.861036800685672,3.49334629640101
1147,1.111869600333394,236.8297516786866,235.23131641394215,269.43236458043566,-0.8835260952112911,187.33209448288164,288.5655359706259,291.1036615650129,5.835590547172603,12.71282694039857,2.8407075078915454,3.9822861491024693
1148,2.38106406145547,163.429972737904,324.24291109331216,316.8499098033641,-22.439920355081373,165.57490656294738,278.56640338151334,282.69828964458014,2.377805311829606,5.958447650891335,3.069293354315965,4.088559908784999
1149,1.4343892751803482,214.27631764121887,291.2471523734013,522.7633912438902,-18.316290499651267,129.31169688685938,305.0715383636568,322.8412050428683,6.517417115690162,6.846968344472154,3.7821372544012086,3.2313403999898647
1151,1.5194715604387605,337.09054105938424,263.80536372147026,327.19381310519947,-7.561299811430668,179.58622345626765,310.58405268512377,308.51451136164275,4.456229292249011,5.489295531524064,2.941005531174527,3.4620978375985425
1153,0.7082874460752842,200.26030310977586,279.05341093786353,692.1211172340433,-24.963528363124592,140.69466313322246,309.47671043409025,314.04310246420306,3.8546203161319768,4.222253107162308,2.9996584157870343,3.6573754490511075
1154,1.3124830196967197,912.383285995048,332.0121406445952,639.422260679881,-14.010631881475852,169.00413969550328,293.26114601690904,299.314688572121,6.038659042917928,1.86088921015542,3.4362885272279096,2.402747474723288
1155,0.5298959140208912,1486.7033657338563,301.0659934979187,939.2468440008838,-14.005397046022416,139.1795745210955,340.5753627621254,330.31628859983454,7.579138945274483,3.563019453382886,3.2764575928104076,2.366796146369502
1156,0.27809685614011137,642.4449682787736,174.20384409768914,312.5240060047555,-3.988004792272566,119.09018356986081,332.73659328166144,351.93871196229435,8.97396962057412,6.8414934135650824,2.165404300149619,2.0359551363983606
1157,0.4232192624286544,107.77938351367266,181.56934541270803,256.8671081760177,-10.3804927151217,130.28438571534042,349.31725041113606,396.71203285711994,2.7140344194797628,7.251846798555689,2.2784503961863334,3.8449401478089094
1158,0.16066181315962202,145.67709199115632,246.3469719269637,254.54811866169365,-10.24528760830897,140.70931614636484,318.8845224901749,345.85116461687335,4.782213353586846,10.20084576262422,2.775802232640114,3.9921608399653685
1160,0.793542650314722,159.43376285127874,299.59000769014756,681.6787625695586,-45.943481741628,138.9773275604191,296.712049396762,303.0812988674335,6.792392139131159,3.6863058817786194,2.850584160180356,1.959497841505991
1161,2.0179499119991178,326.44688232635576,241.9621965923447,282.2621829065705,-0.9041178035400854,166.95006413298535,279.86265624626424,260.9101270533987,2.0180086557910455,4.122568335578601,1.6324625389218128,2.5095438952265114
1164,2.70536409884083,101.68100955631695,258.65265620732885,283.4808829399834,-11.749200916437523,152.95802903092158,242.1613006765099,255.810183395173,2.2035976645959447,6.103543926499372,2.1689018907838773,3.3588889769912127
1165,0.3822535255542858,196.0132200863181,259.60528380806886,281.29083690197706,-16.2650455319136,121.89252117046986,343.3689930359081,358.00597163351847,3.6634225263442683,5.058891150040101,2.786201240487382,3.2576016701003447
1166,1.4816843791822087,95.28703979931169,240.60028743683313,272.90442274639554,-18.058158852783173,120.00984639297272,284.6247627756239,312.58476840629726,3.919610560063526,7.928891043005743,3.1574868360354036,4.246706744315948
1168,1.4435635313965767,617.3148161844841,284.31438914388764,353.68070988215993,-10.35647623562495,142.4886955512999,337.19829114008155,341.6388767828842,8.645763273570232,3.8570280312161995,3.192512632750719,1.9470828501423882
1170,1.8521436604839328,100.19883314553476,277.9638744093218,253.97958136869178,-6.1422253133845395,181.86199220371967,275.4462560753612,290.72475285607214,0.6190268534127852,5.035530579368904,0.43011790447987486,1.9531928191056314
1171,2.2613102747843534,207.40351114981698,271.7190332801383,307.2094858215032,-21.93336591681808,152.41195230655168,235.76800974912803,255.5207352507264,0.3921151403384249,5.310875786183277,2.4450113100044777,4.247267927626007
1172,1.3060234899346632,602.6007508377711,262.5464076391121,309.0720771242434,-2.8754067282950935,182.61549813260837,299.4485410935097,312.5932203715,4.336949328907783,3.1049053270079354,1.3933813053894464,0.9446784480290911
1173,2.071126649765813,772.82165485756,284.0222476804652,807.3147759546789,-4.0319152462146235,133.5181337340468,260.1956841889672,278.505462263759,5.06466762915027,6.847939607331748,1.7068390092765566,1.510932963194385
1174,2.381243919531348,195.97102846943542,222.04820054918108,290.70232738210973,-1.826117461127037,169.2234110477392,272.3579171402295,271.3243009486369,4.660134216210854,6.553131419548173,1.643039246151332,2.224627341065702
1176,2.327145438720118,463.77073362413665,325.62789342650524,564.7386131262512,-6.996579557281937,124.78395871195092,242.76740103536372,277.3301790236092,9.259668141414927,13.367667133190405,4.15282484705021,3.9954640924208347
1177,0.025920482127988365,281.93534216712567,221.33594913239423,292.9918735896997,-15.328161182676272,160.60827287341925,406.42928403532767,440.39325451074865,6.009474194455032,2.683977294246378,4.126888583851075,3.9674645624251728
1178,1.414592690502511,485.3297830800908,280.7418916201696,297.5016288718848,-7.287361670850956,115.37426988308977,270.45794021760315,277.8945711487569,9.445182353541776,8.163988610084978,5.048526390730157,5.091790463957626
1179,0.8090884933759073,343.66948661122444,271.6910442091812,637.3698853279202,-19.811625683648018,170.14058718357842,310.07033539740416,314.83683070634635,3.7618133228580475,3.6920087242012327,3.300610667416505,3.2938742018455134
1180,1.8865729692257824,464.776339695925,198.22916097558732,441.262852943589,-17.820064253414074,92.47165400058904,322.96511050749734,317.5351923373702,6.756930286836256,5.5259032484245045,2.1916978318171494,2.402391372780383
1182,1.5273978891147744,1057.915419179906,201.47771576121175,330.1260797183662,-2.7267035433183118,153.08341657026753,317.00929048872376,299.22454495922005,5.045737540399228,2.7304882520823486,1.768401156966185,1.3837846540405576
1183,1.4893403219633403,96.64608115288519,224.78716008923786,390.9725097676411,-3.5256867599995623,148.96113297780528,303.8480230637786,289.65984486428164,6.650040483544852,6.32154747425107,1.7759667467953222,2.027563734968972
1184,2.5469359285876827,583.7816208904221,307.05379602083156,643.3865047258414,-20.72653763561357,140.33613498916424,236.08634498507445,265.2379268264957,2.2028094176751667,1.80403520927536,1.7979048676508336,2.013278619098255
1185,0.8608550030226039,1387.7841895043982,222.55426667883646,827.366759364153,-8.76699012396342,123.02077310687355,320.93038425861107,331.4278630956312,2.994326369171968,4.5747210782085315,0.7224018233653533,1.0327000849453305
1186,2.6415101452968885,479.03914934343,294.7918057805978,387.1826835749379,-9.916633922718265,158.92432503602797,254.09553569070806,258.97566817151795,0.7925201017156942,2.6283600180300914,0.7781116137006774,1.7184299431935723
1187,0.746940555831646,893.016337079302,253.90787846225942,528.0166735595659,-14.326149561993038,148.35493798066364,321.81601055959584,386.2001867290095,0.3918271756980074,4.470100436031811,0.7413289686873894,2.170822910263867
1189,1.5877429322806533,297.197972132007,169.89150706045382,254.50048941017087,-10.04962555157773,119.3295030341265,283.8896844565303,286.9941482419157,4.977830400302476,3.0106858317359717,3.3039872141539637,3.1110810777142364
1191,2.620595666753681,282.71228674118044,263.0029601081516,302.9484578663969,-2.405078609811202,141.2199247394027,262.6786567366577,276.9786969124172,0.899421930230579,1.9064262924162718,2.381465290757261,2.7308839251945094
1192,2.054902176612157,275.83249513688725,260.58329250178076,317.1391284561587,-2.234915840200582,152.99137437980923,263.31947434631866,275.83086950762004,6.778280144095093,8.654082676839021,3.118224165499017,3.3213969843615194
1193,1.1518843718252163,1650.9713720140057,232.17941375101032,338.83566178864703,-14.952624904841567,100.95090923901705,307.4523380534577,318.51427073844224,4.357044183397859,3.182525300036119,1.818681097270338,0.9261754060997942
1194,0.5687287119014601,125.01482556402544,202.00555860262608,261.72098572745097,-8.458276603479078,125.41929613485989,351.1111119992332,347.5718413929088,7.763786542186241,5.1049616087627605,2.5882716239717545,2.653500685591154
1195,0.12995063218224034,865.2695145169957,217.85957870720623,724.6753267015415,-15.963729362360759,146.34999121310358,333.8198846988021,336.2962744057415,9.51847500403492,2.3827941122022733,1.8533946034744893,0.43866444869727994
1196,1.6184921485459354,574.3700989978187,272.97710522427883,777.6038134158081,-23.176103645250734,114.24327952698337,290.8534115968346,287.1366512853076,8.36576324469591,4.138752060347705,2.78866263161827,1.5491452502311378
1197,2.6707244936297565,485.9142701712875,327.93054226231453,700.4173636844616,-12.699366026373244,222.71525788184402,255.13950016975673,260.8533616819069,4.2091876217295505,0.563659912331552,2.463285329667034,1.8126591133818573
1199,1.7866381271076275,216.59153960497358,234.84868312152017,504.19469855809996,-11.94057057559819,118.60696910922351,263.33569326690537,268.68182559517095,6.971634984096896,6.621945096784824,3.3797081403839617,3.3825860092380218
1200,2.0832460934444224,140.7285307973155,204.68480960656237,272.893332513005,-14.234572114024218,127.10599711299663,279.7048897846228,296.9382327718327,1.8059171739627646,10.223444293731053,0.7068346357715578,2.6018880547017744
1201,1.9060794696941024,396.2014112704305,236.1577651125989,389.48297350085875,4.0903184406483994,167.6103447677421,255.7145406613153,260.5548499955012,3.737263098020576,9.799692597345778,1.4982075168120335,2.6439474375796763
1202,1.4934478354958634,864.5729935024744,308.9902393883202,924.6702804916424,-0.2182229883730713,198.6387102818695,291.70292077504877,282.1287650931156,9.034863932264106,2.305820334978348,1.352986479057387,0.19847676306850293
1203,1.0130984230056796,196.9958477873721,298.3412195761372,382.69738048240333,-6.744330624182613,157.42016132499373,301.94324328202146,314.6287535316002,1.1641214151541361,7.511845434948871,2.937780798721465,4.60487520653599
1204,1.2277027114626615,868.1032707518282,285.82775917124275,837.1746663918719,-13.832658996892153,170.66644903326664,291.9463891805644,293.43149704237055,7.315519102980246,5.089846153142444,1.708722390587897,0.9484305549851135
1205,2.3935922859701324,844.1865410558551,328.1831682974613,331.1695233728239,-12.811989864684978,183.09801008953983,248.0733883519819,280.99123489722183,0.3965540391556872,2.15939561137066,1.869497158621695,2.6397955008434884
1206,2.817069030480466,177.00386883879779,323.9489320842281,291.3264888303145,-7.144522369199233,161.0444967180754,226.9619146315124,245.24421486009797,3.442634636330684,3.5877870445777145,2.54042737094365,2.732135181857039
1207,2.1786741945049948,314.12165014033826,202.011508330978,254.05607429302037,-17.692346354866295,115.27115665739113,283.81092751424075,291.61712488649135,5.535170327406416,3.953320668295998,2.9384633126319515,2.188563434179873
1209,1.8168588287031704,93.94201368479139,225.8114750590808,280.57896762635085,-3.1619591887143095,146.6177622607284,278.45151491793723,287.2665019446514,6.166989380081328,7.487138000996882,3.2708018747048855,3.8359151943148975
1210,1.2329159018406908,201.70912364990824,284.35335446737577,837.1356387711521,-22.318458968936223,119.26767572988666,300.18762626297536,304.42293775053054,2.2770116526495494,4.460786251934456,1.8302936499979947,2.6400304570144213
1211,0.4359405303045065,562.2799200123479,292.1362719205033,524.8822000215791,-11.727946973326677,203.16419391785053,340.61166693208094,336.3149432692508,9.018558429616412,3.968760365776287,2.8501581925885637,1.7819984481583002
1212,0.7920031235333114,46.3775548457283,210.8789514823006,279.7965853357266,-22.825078019301923,138.131378450208,334.94375161946374,339.6996386316656,3.431366785808974,7.896430879318526,2.754498768496636,4.0398017727491276
1214,2.211074335301066,47.37686071578969,263.6111632424114,250.18242167048766,-3.952549610668168,183.94993683854344,271.90663696446893,287.3760492995911,2.015296146961787,9.569678808669266,2.752633056688708,4.487004000356665
1215,2.0378172150574216,44.40720910697473,151.5432284277543,250.01084891976706,-5.794160428098838,121.6337032278701,277.7240501343118,290.82629380146574,0.9599788515529335,19.90885244224212,1.8969024223248132,5.624461156930904
1216,0.7177194826758782,243.23798867963794,292.45494669197615,795.9568623449859,-3.63240781619119,177.7056893430901,346.9840810697218,339.66904810810564,10.465848034316913,8.828229033466222,4.726840207888971,4.092660850396218
1217,2.7304212763625744,2022.3239997129192,325.7844189618735,929.8834121043155,6.136048959256062,214.30850124352278,232.02571219182025,233.2113624521444,1.3593671170988504,1.1984866390611812,0.8690463135628976,1.1973801516360998
1219,1.711099595834841,1231.4913983941665,311.5437915430146,711.8924629023576,0.6575897125788188,207.09800702204205,282.31751027524246,270.25739592428044,5.188027726470281,0.9772158025693862,2.5421110738642354,1.489027393188605
1220,0.09121137772149579,800.3561922783049,245.5614072569794,932.2962336199012,-11.680299069833033,134.29952586361154,337.7534860103988,339.1737610771366,9.922032039273876,9.16700968306759,5.255718359272048,4.50196709999663
1222,1.0943991956901504,862.1424129792575,236.62997245567183,601.2789527129114,-25.385401193792934,105.82830689586814,296.10287923790986,294.22872280714034,7.513680502274388,0.10439408840742193,2.2981464487937884,1.2483269451340526
1223,1.9716034747060962,160.58961717730529,242.70726491600828,274.8469004867793,0.02235866778331541,162.18584697089688,302.0301462602228,306.26642875426734,0.4840827789413482,7.1943875781179845,0.5163101002084483,2.6941931541677264
1224,0.275937175155371,374.5426508670147,185.06033895837737,459.1343015142592,-13.164239348571378,125.6483454553707,310.19181102600305,323.3612649439532,5.6797984606869285,9.396536158440524,2.010390077806113,2.482633343672127
1225,2.344462989657319,430.61966651238197,243.46066439967075,787.1561066863937,-0.3117409426970319,122.16322816693335,288.7861681028792,277.39544271560504,3.742514997447561,4.820442909822125,1.1983515645410208,1.499451644692565
1226,0.07859173563261379,1042.1532006885268,287.6046231268753,772.120053262614,-0.9491441117671684,208.54341612677558,428.83678922860156,419.70888745150336,9.060509234982732,3.4021396950099714,3.9386434113657875,2.2918871928328817
1228,1.2941449323568461,185.2870426402785,282.0085267161849,577.7988599564002,-5.198297746489384,148.3117613097784,298.0875439495415,304.2545435567152,4.222953887458743,10.28702982532296,3.8911499502405245,4.6579295065490705
1229,1.2658937619248647,100.89558699820356,218.8902911504337,252.35792751064395,-12.77078868493863,152.445203486239,300.9199367626438,301.14691472778094,0.7592915620338401,3.8670326961179646,1.5898772856281704,3.238588228892379
1230,2.4733452142186882,663.0759391680338,350.1521839174701,609.7854747042501,-2.981084063902877,156.01137762852466,262.25377429884384,280.4910693594469,5.066006384758503,5.326497776920077,4.207300792119641,4.168054577211685
1231,0.41128130824862064,78.16709010895175,248.83488559112644,275.8380827094167,-24.165610830632573,161.69133537030305,320.7273160729185,337.2192806317418,1.7440107827462796,5.133490126048273,2.0510980801926624,3.5328503232194226
1232,0.48543959050483165,745.5394639608737,275.5398621508381,616.0302061079116,-7.11066434990812,157.4714470409157,309.23741018915865,311.9282401931125,5.229941842135489,2.8332190616719384,1.980321496261091,1.513995711372016
1233,0.7491026788724389,204.45933959151924,290.719915708882,710.3395319104384,-7.115779602614047,138.99263007231787,312.5673256611703,306.0003590072952,10.603840118721699,8.067278584919865,4.27545644075857,3.1133433550545857
1234,2.6124648429807467,646.0155807379355,268.4881117001396,265.45916797577706,-3.0706649685841825,128.21531874486885,249.45807070069839,268.6436751240058,3.147100956586624,4.491126662203657,2.7776314797935155,3.0415286237515273
1236,1.456070885105336,702.1881408204254,294.78183198367185,612.1971102759065,-8.263111031498571,149.84781030449994,297.2344125737138,302.79654003335685,7.960646209858613,3.793755843428388,4.223111152390584,3.1967861165849047
1237,1.0639423324779775,50.42396967279598,275.9871979280815,323.61515221113984,-26.3952774214785,155.34941839125452,284.9267618812289,301.33860062766615,2.9660581961598913,7.860519943392404,1.4062367101415951,2.8167823355253505
1238,1.891447786375192,279.6255878128741,263.2985191252484,447.55702101669374,-5.5718847794918425,158.55878534655932,274.1959271163975,280.56229399614375,7.262969632942278,5.1731236210792595,2.964942322922569,2.7685704155645907
1239,0.8367053911552804,596.8899178637857,252.11589904550615,812.0295599775366,-18.238070033275964,126.18038088803254,313.5238671777077,313.14802610571854,4.183473417939216,4.352167027911287,1.8813840009046832,1.9369142583942227
1240,0.8318850805863973,479.085205078177,285.8494909841448,868.3169569388984,-17.05540547040396,159.14227105969337,301.65199642394623,297.35718260273774,2.3316246356003028,3.725842927311998,0.724616476025139,0.9645992660106499
1241,1.5558242654022973,96.59165020811889,253.6191556471997,259.12168007981444,-22.21654712207558,125.986885301666,285.95601377621966,297.2721774483873,5.228851897328586,9.782868129268488,3.610320214783826,4.688001396829105
1245,1.4144900162644451,345.664283479802,292.6573171296295,770.9863590907803,0.1871092714200273,179.85461158601424,279.79892832166036,293.15091751433795,4.312271040753857,8.45205041523402,2.344510733255097,3.0306894609907467
1246,1.0801963590859769,91.45532318378457,232.81399718085953,302.87472702447326,-16.026570660448538,135.42652052290435,311.7561919046655,317.6414805257869,4.12924110625508,5.560913704921499,2.1712131323476203,2.799968621565326
1247,2.222058186102069,236.74335677701248,243.3660903044865,708.7998911107669,-26.57976542849804,93.05956074616728,262.5034016648111,280.1401909086566,3.3728774799169043,4.331217304242875,2.055651089608948,2.2582413870265072
1248,2.8992362148049966,306.0836723882783,306.6630961462625,385.96711173048914,2.9543011862497615,132.78988560656114,262.1974353389871,273.9327829945281,8.047524848443931,2.9663984675849364,2.663392101016547,1.5416886233044642
1249,1.0228133800927148,151.86350842075962,215.35070579493834,475.9056967408215,-26.85992877485182,134.34654948577372,323.84471718438925,323.60352369901665,2.621569991441776,5.284228473890653,0.8996193650851332,1.9467738490738502
1250,1.9508759407830756,734.5051783298353,246.8849818618498,290.995092167137,-10.97128897216864,130.18523441653275,272.9487288903024,283.4902099364457,4.02775389236586,3.8068134579653203,1.8560227681967358,2.130661753974595
1251,0.7994925304473024,558.8082862771472,246.2948294675443,716.2534987311184,-17.51176559571462,134.9468638697893,323.83354544230656,327.0905116584901,7.057781395239871,0.9158062173422454,1.5030867395549556,0.09808632650630722
1252,1.7309758142604839,85.50362960095225,216.45658759473605,337.5770735742623,-20.639302229037533,131.65730725180416,296.1983183392786,298.28944469680596,5.768390865372027,10.511820109471127,1.7958847644812455,3.233517299237763
1253,1.9293486615301734,66.91902085338495,253.40084156020342,254.78209623789937,-10.84710949687091,151.38589221155317,276.8234342053322,278.7956741343172,8.884409509776717,8.490854609982856,3.6601826686954553,3.7097725861630186
1254,0.39580811956428175,651.2386118771318,236.4069580376029,487.7622667189309,-14.889715622856858,116.75364694836101,297.3000343960649,310.06094066035035,8.48127692655509,4.400219391907911,2.583789739026337,1.3286954683472991
1255,0.19111629131597896,447.247794961404,254.63136999341043,533.0927624188994,-13.198947449888614,129.92651247162686,374.69799592953495,397.5328354416242,3.74607452565278,5.497540866430846,2.1473700051005786,2.9977890257255484
1258,1.1117543165674801,727.4896785904391,297.5899748166397,404.9636240939279,-17.73022477633182,224.0316867775422,305.3759774013469,304.7563616719388,1.4626352336695891,2.098966957887403,1.8445893336672097,2.2996050320423036
1259,0.7027018591947325,128.21567467271274,229.30824843771614,273.4995716680121,-18.04103864583041,144.74969419106984,320.17880565171953,332.48604290216537,2.7295075797516226,4.34840934228231,0.0944166278131422,1.3856099345334107
1260,2.303858297322565,300.62835188680225,285.1181642937256,359.4713074896965,-7.473537700052386,150.80602497815858,255.43084458373806,265.5402610156934,1.169116023034403,2.917028898078876,0.9233687782908293,1.4988067064850965
1261,2.5821412298837916,230.09488441773783,261.91924205054875,594.7654431403456,-9.051349637839685,108.25734269078652,267.2890878619971,264.340298283648,2.1534083436623193,3.261557545962615,0.9743114769409766,1.6733006877534473
1262,2.536898279547793,232.66256093315883,311.20070218852703,286.00323565124745,-14.529218978440941,152.11225002481936,258.68840377701326,275.489240065172,3.0147330535068075,8.211778248227839,3.599034019513896,4.812919706840139
1263,2.3985143794742387,131.4562758304719,313.0149147915867,623.9643697690464,-1.6815870753818807,147.1219647036733,293.32251381041215,274.90097189416633,10.443183611491857,1.4205787959467266,2.9182900150943514,0.7329088009432325
1265,2.1044475447371394,70.41080775136328,232.16829828187986,252.50956398933528,-1.7678197998827372,157.56357805476372,280.53982600640984,281.92687647490504,1.2718870798391841,10.457072491218371,2.9532855865214325,5.045365173723068
1266,1.5083649274290138,846.8712542471505,286.4519527079228,706.1726255330343,-6.841952310408761,170.1474662101059,312.31251550805393,298.6519220615531,2.3527402803250315,1.7331045117147754,2.5417509093176083,2.846552114690918
1267,1.1583996744441398,503.01129136812676,311.90989470663084,742.0918230608441,-32.42004151369953,165.8914150302108,299.78660999582684,317.2961365509101,1.0805524921467549,2.1867574321115306,2.0551587690349553,3.069352031353912
1268,2.465571834388447,121.918243575448,278.41649995814964,522.7846516588456,-12.271886137840706,144.76140803987252,244.18157649453914,268.8812107749143,2.3073895037401004,8.024515166715261,0.8050558708482651,2.1357765791349705
1269,1.8149477698252694,250.47686962554752,247.4015154826087,483.8661905011481,-6.394613233513553,173.8907486965356,284.9620752430866,279.42849949240923,2.812041342440838,3.418566910900706,2.029577577322113,3.0520777951523943
1270,0.7629814432264954,878.0912684844448,280.71524953321136,487.69399568894573,-22.49037459691273,157.47864671980048,296.2124096333116,302.4208901605866,4.191491132901605,0.6429112712995639,1.7607156817951806,1.1737957687644542
1271,1.13130569423133,423.1406168933389,307.48204056020285,704.6316130319561,-16.216011343055303,161.96460851561847,297.06992473211517,314.8626478027828,6.930362188199155,8.33998192364345,2.5801881441878995,2.4455208188308
1273,2.733460424624563,49.35769628239211,263.727665075398,250.03478857231323,-6.575856116210197,141.273368949191,220.13483480592186,263.21540089443914,0.4530488638290455,8.211395180138492,1.6495781883612264,4.548864579671575
1274,0.578238765309997,449.84724164514563,270.5829833563102,513.5039418725447,-20.000147140800806,112.71533377966696,356.0028340979804,331.52731181208486,10.800982715938709,3.6524610677285096,3.58231248206533,1.670212074683659
1276,0.2001432589797414,84.96072270737636,277.2710426751686,327.95970915193334,-14.558105002366482,177.06793922094383,335.8976864284834,423.6776525586729,5.123935431167288,9.431743130742909,4.248361495019628,5.373022724144772
1277,1.1158152944856132,98.93277296905563,283.52144710607513,451.11006171782424,-1.3311227974461204,189.59296394606258,284.45445929110934,273.16435071261185,3.453727124207143,8.828054089165287,2.0859070777103397,3.353912662653047
1278,2.862153469500563,419.11945918364,326.127171926664,405.27303968309604,-4.689879074601642,185.37558392736906,249.5326700301017,263.378619421223,1.0365509346657586,1.901244025074424,2.0942817285864868,2.7988653293666945
1279,2.7218927259692505,94.84734409572741,266.02999794076914,251.04464403022698,1.4772211664124768,176.6787904825782,226.68265118087405,249.29377435038631,1.153252278117996,10.543992308781124,1.8402077610417744,3.997863254224893
